Date,01/02/2020,Material,Brass,3min6s,,,,
Time,TempOne,TempTwo,TempThree,TempFour,TempFive,TempSix,TempSeven,Atmospheric
12022,285.53,285.4,286.71,285.84,285.46,285.28,285.03,284.71
12160,285.53,285.46,286.71,285.84,285.46,285.28,285.03,284.71
12297,285.53,285.46,286.65,285.84,285.53,285.28,285.03,284.71
12434,285.53,285.46,286.65,285.84,285.53,285.28,285.03,284.78
12571,285.53,285.46,286.65,285.84,285.46,285.28,285.03,284.78
12708,285.53,285.4,286.65,285.78,285.46,285.28,285.03,284.65
12846,285.53,285.4,286.65,285.78,285.4,285.21,285.03,284.65
12984,285.53,285.4,286.65,285.78,285.4,285.21,285.03,284.71
13121,285.53,285.4,286.65,285.78,285.4,285.21,285.03,284.65
13258,285.53,285.4,286.65,285.78,285.4,285.21,285.09,284.65
13395,285.53,285.4,286.65,285.78,285.46,285.28,285.09,284.65
13533,285.53,285.4,286.65,285.78,285.46,285.28,285.03,284.65
13670,285.46,285.4,286.65,285.78,285.4,285.28,285.03,284.71
13808,285.46,285.4,286.59,285.78,285.4,285.21,285.03,284.71
13945,285.46,285.4,286.59,285.78,285.4,285.21,285.03,284.65
14083,285.46,285.4,286.59,285.78,285.4,285.21,285.03,284.65
14220,285.46,285.4,286.59,285.78,285.4,285.21,285.03,284.71
14357,285.46,285.4,286.53,285.71,285.4,285.28,285.03,284.71
14494,285.46,285.4,286.53,285.71,285.34,285.28,285.03,284.65
14631,285.46,285.34,286.59,285.71,285.34,285.21,285.03,284.65
14770,285.46,285.34,286.59,285.71,285.4,285.21,285.03,284.65
14907,285.46,285.34,286.59,285.71,285.4,285.21,285.03,284.71
15044,285.46,285.34,286.53,285.71,285.4,285.21,285.03,284.71
15181,285.46,285.34,286.53,285.71,285.4,285.21,284.96,284.65
15319,285.46,285.34,286.53,285.71,285.4,285.21,284.96,284.65
15456,285.53,285.34,286.53,285.71,285.4,285.21,285.03,284.65
15594,285.53,285.34,286.53,285.71,285.4,285.21,285.03,284.65
15731,285.65,285.34,286.53,285.71,285.34,285.21,285.03,284.65
15868,285.65,285.34,286.53,285.71,285.34,285.21,285.03,284.65
16006,285.71,285.34,286.53,285.71,285.4,285.21,285.03,284.65
16143,285.9,285.4,286.53,285.71,285.4,285.21,284.96,284.65
16280,285.9,285.4,286.53,285.71,285.4,285.21,284.96,284.65
16417,285.9,285.34,286.53,285.71,285.4,285.21,284.96,284.65
16556,285.9,285.34,286.53,285.71,285.4,285.21,284.96,284.65
16693,285.96,285.4,286.53,285.71,285.4,285.15,284.96,284.71
16830,285.96,285.34,286.46,285.71,285.34,285.15,284.96,284.71
16967,286.03,285.34,286.46,285.71,285.34,285.21,285.03,284.65
17104,286.03,285.4,286.46,285.71,285.4,285.21,285.03,284.65
17242,286.09,285.4,286.46,285.71,285.4,285.21,284.96,284.65
17379,286.09,285.4,286.46,285.71,285.34,285.21,284.96,284.65
17517,286.15,285.4,286.46,285.71,285.4,285.21,284.96,284.65
17654,286.15,285.34,286.46,285.71,285.4,285.21,284.96,284.65
17792,286.15,285.34,286.46,285.71,285.34,285.21,285.03,284.65
17929,286.28,285.34,286.46,285.71,285.34,285.21,285.03,284.65
18066,286.28,285.4,286.46,285.71,285.34,285.21,285.03,284.71
18203,286.34,285.4,286.46,285.65,285.34,285.28,285.03,284.71
18341,286.34,285.4,286.46,285.65,285.4,285.28,285.03,284.71
18479,286.4,285.4,286.46,285.65,285.4,285.21,285.03,284.71
18616,286.4,285.46,286.53,285.65,285.4,285.21,285.03,284.71
18753,286.46,285.46,286.53,285.71,285.4,285.28,285.03,284.71
18890,286.46,285.4,286.46,285.71,285.4,285.28,285.03,284.71
19027,286.53,285.4,286.53,285.71,285.4,285.28,285.03,284.65
19165,286.65,285.46,286.53,285.71,285.4,285.28,285.03,284.65
19303,286.65,285.46,286.46,285.71,285.4,285.21,285.09,284.78
19440,286.71,285.4,286.46,285.71,285.4,285.21,285.09,284.78
19577,286.71,285.4,286.53,285.71,285.4,285.28,285.03,284.71
19715,286.71,285.4,286.53,285.71,285.4,285.28,285.03,284.71
19852,286.71,285.46,286.46,285.71,285.4,285.21,285.03,284.71
19989,286.78,285.46,286.46,285.71,285.4,285.21,285.03,284.71
20127,286.78,285.46,286.46,285.71,285.4,285.21,285.03,284.71
20264,286.84,285.46,286.46,285.71,285.4,285.28,285.03,284.71
20402,286.84,285.46,286.46,285.71,285.46,285.28,285.03,284.71
20539,286.9,285.46,286.46,285.71,285.46,285.28,285.03,284.71
20676,287.03,285.4,286.46,285.71,285.34,285.28,285.03,284.71
20813,287.03,285.46,286.46,285.71,285.34,285.28,285.03,284.71
20951,287.15,285.46,286.46,285.71,285.4,285.28,285.03,284.71
21089,287.15,285.46,286.46,285.71,285.4,285.28,285.03,284.71
21226,287.15,285.46,286.46,285.71,285.4,285.28,285.03,284.71
21363,287.15,285.46,286.4,285.71,285.4,285.15,285.03,284.71
21500,287.21,285.46,286.4,285.71,285.4,285.15,285.03,284.71
21638,287.21,285.4,286.4,285.65,285.4,285.21,285.03,284.71
21775,287.28,285.4,286.4,285.65,285.34,285.21,285.03,284.71
21913,287.28,285.4,286.4,285.71,285.34,285.28,285.03,284.71
22050,287.34,285.46,286.4,285.71,285.4,285.28,285.03,284.71
22188,287.4,285.46,286.4,285.71,285.4,285.21,285.09,284.71
22325,287.4,285.46,286.4,285.71,285.34,285.21,285.03,284.71
22462,287.46,285.46,286.4,285.71,285.34,285.21,285.03,284.71
22599,287.46,285.46,286.4,285.71,285.4,285.21,285.03,284.71
22736,287.53,285.46,286.4,285.71,285.4,285.21,285.03,284.71
22875,287.53,285.46,286.4,285.71,285.4,285.28,285.03,284.71
23012,287.65,285.46,286.4,285.65,285.4,285.28,285.03,284.71
23149,287.65,285.4,286.4,285.65,285.4,285.28,285.03,284.71
23286,287.65,285.46,286.4,285.65,285.4,285.28,285.03,284.71
23424,287.65,285.46,286.4,285.65,285.4,285.21,285.03,284.71
23561,287.71,285.46,286.4,285.65,285.4,285.21,285.03,284.71
23698,287.84,285.46,286.4,285.65,285.4,285.28,285.09,284.71
23836,287.84,285.53,286.46,285.65,285.4,285.28,285.09,284.78
23973,287.9,285.53,286.46,285.65,285.4,285.28,285.09,284.78
24111,287.9,285.53,286.46,285.71,285.4,285.28,285.09,284.78
24248,287.96,285.53,286.46,285.71,285.4,285.28,285.09,284.78
24385,287.96,285.53,286.4,285.71,285.4,285.28,285.09,284.71
24522,288.03,285.53,286.4,285.71,285.4,285.28,285.09,284.71
24660,288.03,285.53,286.46,285.71,285.4,285.28,285.09,284.71
24798,288.15,285.53,286.4,285.71,285.4,285.28,285.09,284.71
24935,288.15,285.53,286.4,285.71,285.4,285.34,285.03,284.78
25072,288.21,285.53,286.4,285.71,285.4,285.34,285.03,284.78
25209,288.34,285.53,286.4,285.71,285.4,285.28,285.09,284.78
25347,288.34,285.53,286.4,285.71,285.4,285.28,285.09,284.71
25484,288.4,285.53,286.4,285.71,285.4,285.28,285.09,284.71
25622,288.4,285.59,286.4,285.71,285.4,285.28,285.09,284.78
25759,288.53,285.59,286.4,285.65,285.4,285.28,285.03,284.78
25896,288.53,285.53,286.4,285.65,285.4,285.28,285.03,284.78
26034,288.65,285.59,286.4,285.71,285.4,285.28,285.03,284.78
26171,288.65,285.59,286.4,285.71,285.4,285.28,285.03,284.71
26308,288.84,285.59,286.4,285.71,285.4,285.28,285.03,284.71
26446,288.84,285.59,286.4,285.71,285.4,285.28,285.03,284.71
26584,288.96,285.65,286.4,285.65,285.4,285.28,285.09,284.71
26721,289.15,285.65,286.4,285.65,285.4,285.28,285.09,284.78
26858,289.15,285.59,286.4,285.65,285.4,285.28,285.09,284.71
26995,289.34,285.59,286.4,285.65,285.34,285.28,285.09,284.71
27132,289.34,285.65,286.4,285.71,285.34,285.28,285.09,284.78
27271,289.52,285.65,286.4,285.71,285.4,285.28,285.09,284.78
27408,289.52,285.65,286.34,285.71,285.4,285.28,285.09,284.78
27545,289.71,285.65,286.34,285.71,285.46,285.34,285.03,284.78
27682,289.71,285.65,286.34,285.71,285.46,285.34,285.03,284.78
27820,289.77,285.65,286.4,285.71,285.46,285.28,285.09,284.78
27957,289.77,285.65,286.4,285.65,285.46,285.28,285.09,284.78
28094,289.96,285.65,286.4,285.65,285.4,285.28,285.09,284.78
28232,289.96,285.65,286.4,285.65,285.4,285.28,285.09,284.78
28369,290.21,285.65,286.4,285.65,285.4,285.28,285.09,284.78
28507,290.34,285.65,286.4,285.65,285.4,285.28,285.09,284.78
28644,290.34,285.65,286.4,285.65,285.4,285.28,285.09,284.78
28781,290.59,285.65,286.4,285.71,285.4,285.28,285.09,284.84
28918,290.59,285.65,286.34,285.71,285.4,285.28,285.09,284.71
29057,290.77,285.71,286.34,285.71,285.4,285.28,285.09,284.71
29194,290.77,285.71,286.4,285.71,285.4,285.28,285.09,284.71
29331,290.96,285.71,286.34,285.71,285.46,285.28,285.09,284.71
29468,290.96,285.71,286.34,285.71,285.46,285.34,285.09,284.78
29605,291.15,285.65,286.4,285.71,285.4,285.34,285.09,284.78
29743,291.15,285.65,286.4,285.71,285.4,285.28,285.09,284.78
29880,291.34,285.71,286.34,285.71,285.46,285.28,285.09,284.78
30018,291.52,285.71,286.34,285.71,285.46,285.28,285.15,284.78
30155,291.52,285.71,286.34,285.71,285.4,285.28,285.15,284.78
30292,291.71,285.78,286.34,285.71,285.4,285.28,285.09,284.78
30430,291.71,285.78,286.4,285.71,285.46,285.34,285.09,284.78
30567,291.9,285.71,286.4,285.71,285.46,285.34,285.09,284.78
30704,291.9,285.71,286.34,285.71,285.4,285.34,285.09,284.78
30842,292.09,285.65,286.34,285.71,285.4,285.34,285.09,284.78
30980,292.09,285.65,286.34,285.71,285.4,285.28,285.09,284.78
31117,292.21,285.71,286.4,285.71,285.4,285.28,285.09,284.78
31254,292.21,285.71,286.4,285.71,285.4,285.28,285.09,284.78
31391,292.4,285.78,286.34,285.71,285.4,285.28,285.09,284.78
31528,292.4,285.78,286.34,285.71,285.46,285.34,285.09,284.78
31667,292.52,285.78,286.34,285.65,285.4,285.34,285.09,284.78
31804,292.71,285.71,286.34,285.65,285.4,285.28,285.09,284.78
31941,292.71,285.71,286.34,285.65,285.4,285.28,285.09,284.78
32078,292.9,285.78,286.34,285.65,285.4,285.28,285.09,284.78
32216,292.9,285.78,286.34,285.71,285.46,285.28,285.09,284.78
32353,293.02,285.78,286.4,285.71,285.46,285.28,285.09,284.84
32490,293.02,285.78,286.4,285.71,285.4,285.28,285.09,284.84
32628,293.21,285.78,286.34,285.71,285.4,285.34,285.15,284.84
32765,293.21,285.78,286.34,285.71,285.46,285.34,285.15,284.78
32903,293.4,285.78,286.34,285.71,285.46,285.34,285.09,284.78
33040,293.4,285.78,286.34,285.71,285.4,285.34,285.09,284.78
33177,293.52,285.78,286.34,285.71,285.4,285.28,285.15,284.78
33314,293.52,285.78,286.34,285.71,285.46,285.28,285.09,284.84
33453,293.71,285.78,286.34,285.71,285.46,285.28,285.09,284.84
33590,293.9,285.84,286.34,285.71,285.4,285.34,285.09,284.78
33727,293.9,285.84,286.28,285.71,285.4,285.34,285.09,284.78
33864,294.09,285.78,286.28,285.78,285.4,285.34,285.09,284.78
34001,294.09,285.78,286.28,285.78,285.4,285.34,285.09,284.78
34139,294.27,285.84,286.28,285.71,285.4,285.34,285.15,284.78
34276,294.27,285.84,286.28,285.71,285.4,285.34,285.15,284.78
34414,294.46,285.84,286.34,285.71,285.4,285.34,285.09,284.84
34551,294.46,285.84,286.34,285.71,285.4,285.34,285.09,284.84
34689,294.59,285.84,286.28,285.65,285.4,285.34,285.09,284.78
34826,294.59,285.9,286.28,285.65,285.4,285.34,285.09,284.78
34963,294.77,285.9,286.28,285.71,285.4,285.34,285.09,284.78
35100,294.77,285.9,286.28,285.71,285.46,285.34,285.09,284.78
35238,295.02,285.9,286.28,285.71,285.46,285.28,285.09,284.78
35376,295.27,285.9,286.28,285.71,285.4,285.28,285.09,284.84
35513,295.27,285.9,286.28,285.71,285.4,285.28,285.09,284.84
35650,295.59,285.9,286.28,285.71,285.46,285.28,285.09,284.78
35787,295.59,285.9,286.28,285.71,285.46,285.34,285.09,284.78
35924,295.77,285.9,286.28,285.71,285.4,285.34,285.09,284.78
36062,295.77,285.96,286.28,285.71,285.4,285.34,285.09,284.78
36200,296.02,285.96,286.28,285.71,285.46,285.28,285.09,284.78
36337,296.02,285.96,286.28,285.65,285.46,285.28,285.09,284.78
36474,296.34,285.96,286.28,285.65,285.4,285.28,285.09,284.84
36612,296.34,285.96,286.28,285.65,285.4,285.28,285.09,284.84
36749,296.59,285.96,286.21,285.65,285.4,285.34,285.09,284.84
36886,296.59,286.03,286.21,285.71,285.4,285.34,285.09,284.84
37024,296.9,286.03,286.21,285.71,285.4,285.34,285.09,284.84
37161,297.21,286.03,286.28,285.65,285.4,285.34,285.09,284.84
37299,297.21,285.96,286.28,285.65,285.4,285.28,285.09,284.84
37436,297.52,285.96,286.28,285.65,285.4,285.28,285.09,284.84
37573,297.52,286.03,286.28,285.65,285.46,285.28,285.15,284.84
37710,297.77,286.03,286.28,285.71,285.46,285.28,285.15,284.84
37849,297.77,286.03,286.28,285.71,285.46,285.34,285.15,284.84
37986,298.09,286.03,286.21,285.71,285.4,285.34,285.15,284.84
38123,298.09,286.09,286.21,285.71,285.4,285.34,285.09,284.84
38260,298.34,286.09,286.21,285.71,285.4,285.34,285.09,284.78
38397,298.34,286.09,286.28,285.71,285.4,285.28,285.09,284.78
38535,298.59,286.15,286.28,285.65,285.4,285.28,285.09,284.84
38672,298.59,286.15,286.21,285.65,285.4,285.28,285.09,284.84
38810,298.9,286.15,286.21,285.65,285.46,285.28,285.09,284.84
38947,299.09,286.15,286.21,285.65,285.46,285.28,285.09,284.84
39085,299.09,286.21,286.21,285.65,285.4,285.28,285.09,284.84
39222,299.4,286.21,286.21,285.65,285.4,285.28,285.09,284.84
39359,299.4,286.15,286.21,285.71,285.46,285.34,285.09,284.84
39496,299.71,286.15,286.28,285.71,285.46,285.34,285.09,284.84
39633,299.71,286.21,286.28,285.71,285.4,285.34,285.09,284.84
39772,299.96,286.28,286.28,285.71,285.4,285.34,285.09,284.84
39909,299.96,286.28,286.28,285.71,285.4,285.34,285.15,284.84
40046,300.27,286.28,286.28,285.71,285.4,285.34,285.15,284.78
40183,300.27,286.28,286.28,285.71,285.4,285.34,285.09,284.78
40321,300.59,286.28,286.28,285.71,285.4,285.34,285.09,284.84
40458,300.59,286.28,286.21,285.65,285.4,285.34,285.09,284.84
40596,300.84,286.28,286.21,285.65,285.4,285.34,285.09,284.84
40733,301.09,286.28,286.21,285.65,285.4,285.34,285.09,284.84
40870,301.09,286.34,286.21,285.65,285.46,285.34,285.09,284.84
41008,301.34,286.34,286.28,285.71,285.46,285.34,285.03,284.78
41145,301.34,286.34,286.28,285.71,285.4,285.34,285.03,284.78
41282,301.52,286.4,286.21,285.65,285.4,285.28,285.09,284.78
41419,301.52,286.4,286.21,285.65,285.4,285.28,285.09,284.78
41558,301.71,286.4,286.21,285.65,285.4,285.28,285.09,284.84
41695,301.71,286.4,286.15,285.65,285.46,285.34,285.15,284.84
41832,301.96,286.4,286.15,285.71,285.46,285.34,285.15,284.84
41969,301.96,286.4,286.15,285.71,285.34,285.34,285.09,284.84
42106,302.15,286.4,286.15,285.71,285.34,285.34,285.09,284.78
42244,302.15,286.4,286.21,285.71,285.4,285.34,285.09,284.78
42381,302.34,286.4,286.21,285.65,285.4,285.34,285.09,284.84
42519,302.52,286.4,286.21,285.65,285.4,285.34,285.09,284.84
42656,302.52,286.4,286.21,285.71,285.4,285.34,285.09,284.84
42793,302.71,286.46,286.21,285.71,285.4,285.28,285.09,284.84
42931,302.71,286.46,286.21,285.71,285.4,285.28,285.09,284.84
43068,302.84,286.53,286.21,285.71,285.46,285.34,285.09,284.84
43205,302.84,286.53,286.21,285.65,285.46,285.34,285.09,284.84
43343,302.96,286.53,286.21,285.65,285.4,285.28,285.09,284.84
43481,302.96,286.53,286.21,285.65,285.4,285.28,285.09,284.84
43618,303.09,286.53,286.21,285.65,285.4,285.34,285.15,284.84
43755,303.09,286.53,286.21,285.71,285.4,285.34,285.15,284.84
43892,303.27,286.53,286.21,285.71,285.4,285.34,285.09,284.84
44029,303.27,286.53,286.21,285.71,285.4,285.34,285.09,284.84
44167,303.4,286.53,286.21,285.71,285.4,285.28,285.15,284.84
44305,303.52,286.59,286.21,285.65,285.34,285.34,285.09,284.78
44442,303.52,286.59,286.21,285.65,285.34,285.34,285.09,284.78
44579,303.65,286.59,286.21,285.65,285.34,285.34,285.09,284.78
44717,303.65,286.59,286.15,285.65,285.34,285.34,285.09,284.78
44854,303.77,286.65,286.15,285.65,285.4,285.34,285.09,284.84
44991,303.77,286.65,286.21,285.65,285.4,285.34,285.09,284.84
45129,303.84,286.71,286.21,285.65,285.4,285.28,285.09,284.84
45266,303.84,286.71,286.21,285.65,285.4,285.28,285.09,284.84
45404,304.02,286.71,286.21,285.65,285.4,285.28,285.09,284.84
45541,304.02,286.71,286.15,285.65,285.4,285.28,285.09,284.84
45678,304.09,286.71,286.15,285.65,285.4,285.28,285.09,284.78
45815,304.09,286.71,286.15,285.65,285.4,285.28,285.09,284.78
45953,304.21,286.71,286.15,285.65,285.34,285.28,285.15,284.78
46091,304.27,286.78,286.15,285.65,285.34,285.28,285.15,284.78
46228,304.27,286.78,286.15,285.65,285.4,285.28,285.09,284.78
46365,304.34,286.84,286.15,285.65,285.4,285.28,285.09,284.78
46502,304.34,286.84,286.15,285.65,285.4,285.28,285.09,284.78
46640,304.4,286.84,286.15,285.65,285.4,285.28,285.09,284.84
46777,304.4,286.84,286.15,285.65,285.34,285.28,285.09,284.84
46915,304.46,286.84,286.15,285.65,285.4,285.34,285.09,284.84
47052,304.46,286.9,286.21,285.65,285.4,285.34,285.09,284.84
47190,304.59,286.9,286.21,285.65,285.34,285.34,285.15,284.84
47327,304.59,286.84,286.15,285.65,285.34,285.34,285.15,284.84
47464,304.59,286.84,286.21,285.65,285.4,285.28,285.09,284.78
47601,304.59,286.9,286.21,285.65,285.4,285.28,285.09,284.78
47738,304.71,286.9,286.15,285.65,285.4,285.34,285.09,284.84
47877,304.77,286.9,286.15,285.65,285.4,285.34,285.09,284.84
48014,304.77,286.96,286.21,285.65,285.4,285.34,285.15,284.84
48151,304.84,286.96,286.21,285.65,285.4,285.34,285.15,284.84
48288,304.84,287.03,286.15,285.65,285.4,285.28,285.09,284.84
48425,304.84,287.03,286.15,285.65,285.4,285.28,285.09,284.84
48563,304.84,287.03,286.15,285.65,285.4,285.28,285.15,284.84
48700,304.9,287.03,286.15,285.65,285.4,285.28,285.15,284.84
48838,304.9,287.03,286.15,285.65,285.4,285.34,285.09,284.84
48975,304.96,287.03,286.15,285.65,285.4,285.34,285.09,284.78
49113,304.96,287.09,286.15,285.65,285.34,285.34,285.09,284.78
49250,305.02,287.09,286.15,285.65,285.34,285.34,285.09,284.78
49387,305.02,287.09,286.15,285.65,285.4,285.34,285.09,284.78
49524,305.09,287.09,286.15,285.65,285.34,285.34,285.09,284.78
49662,305.09,287.09,286.15,285.71,285.34,285.34,285.09,284.78
49800,305.09,287.15,286.15,285.71,285.34,285.34,285.09,284.78
49937,305.15,287.15,286.15,285.65,285.34,285.34,285.09,284.78
50074,305.15,287.15,286.09,285.65,285.4,285.34,285.09,284.78
50211,305.21,287.15,286.09,285.59,285.4,285.34,285.09,284.84
50349,305.21,287.15,286.09,285.59,285.34,285.34,285.15,284.84
50486,305.21,287.15,286.15,285.65,285.34,285.34,285.15,284.78
50624,305.21,287.21,286.15,285.65,285.4,285.28,285.09,284.78
50761,305.28,287.28,286.15,285.65,285.4,285.28,285.09,284.78
50898,305.28,287.28,286.15,285.65,285.4,285.28,285.15,284.78
51036,305.28,287.21,286.09,285.65,285.4,285.28,285.15,284.78
51173,305.28,287.21,286.09,285.65,285.4,285.34,285.15,284.78
51310,305.28,287.34,286.15,285.65,285.4,285.34,285.15,284.78
51447,305.34,287.34,286.15,285.65,285.4,285.28,285.09,284.78
51586,305.34,287.34,286.15,285.65,285.4,285.28,285.09,284.84
51723,305.4,287.34,286.15,285.65,285.34,285.28,285.09,284.84
51860,305.4,287.28,286.15,285.59,285.34,285.28,285.09,284.84
51997,305.4,287.34,286.09,285.59,285.4,285.34,285.09,284.78
52134,305.4,287.34,286.09,285.65,285.4,285.28,285.09,284.78
52272,305.4,287.34,286.09,285.65,285.34,285.28,285.09,284.78
52410,305.4,287.34,286.09,285.65,285.4,285.34,285.09,284.78
52547,305.4,287.4,286.15,285.65,285.4,285.34,285.09,284.78
52684,305.4,287.4,286.15,285.65,285.34,285.28,285.09,284.78
52822,305.4,287.4,286.15,285.65,285.34,285.28,285.09,284.71
52959,305.4,287.4,286.15,285.59,285.34,285.28,285.09,284.71
53096,305.4,287.46,286.15,285.59,285.34,285.28,285.09,284.78
53233,305.46,287.46,286.09,285.65,285.34,285.34,285.09,284.78
53371,305.46,287.46,286.09,285.65,285.34,285.34,285.09,284.78
53509,305.46,287.53,286.15,285.59,285.34,285.28,285.09,284.78
53646,305.46,287.53,286.15,285.59,285.34,285.28,285.09,284.78
53783,305.46,287.53,286.09,285.65,285.34,285.34,285.09,284.78
53920,305.46,287.53,286.09,285.65,285.34,285.34,285.09,284.78
54057,305.46,287.53,286.09,285.65,285.34,285.28,285.15,284.78
54196,305.46,287.53,286.09,285.65,285.34,285.28,285.15,284.78
54333,305.53,287.53,286.15,285.59,285.34,285.34,285.09,284.78
54470,305.53,287.53,286.09,285.59,285.34,285.28,285.09,284.78
54607,305.53,287.59,286.09,285.65,285.4,285.28,285.09,284.78
54745,305.53,287.59,286.15,285.65,285.4,285.34,285.09,284.78
54882,305.46,287.59,286.15,285.59,285.34,285.34,285.09,284.78
55019,305.53,287.65,286.09,285.59,285.34,285.34,285.09,284.78
55157,305.53,287.65,286.09,285.65,285.34,285.34,285.09,284.78
55294,305.53,287.65,286.15,285.65,285.4,285.28,285.09,284.78
55432,305.53,287.65,286.15,285.59,285.4,285.28,285.09,284.78
55569,305.53,287.65,286.15,285.59,285.34,285.34,285.09,284.71
55706,305.53,287.65,286.15,285.59,285.34,285.34,285.09,284.71
55843,305.53,287.71,286.09,285.59,285.4,285.28,285.09,284.78
55982,305.53,287.71,286.15,285.59,285.4,285.28,285.09,284.78
56119,305.59,287.71,286.15,285.59,285.34,285.34,285.09,284.78
56256,305.59,287.71,286.09,285.59,285.34,285.34,285.09,284.78
56393,305.53,287.71,286.09,285.59,285.34,285.28,285.09,284.78
56530,305.59,287.78,286.09,285.59,285.34,285.28,285.09,284.78
56668,305.59,287.78,286.09,285.59,285.28,285.34,285.09,284.78
56806,305.59,287.78,286.09,285.59,285.28,285.34,285.09,284.78
56943,305.59,287.78,286.09,285.59,285.34,285.28,285.09,284.78
57080,305.59,287.84,286.09,285.59,285.34,285.28,285.09,284.78
57218,305.59,287.84,286.09,285.59,285.34,285.28,285.09,284.78
57355,305.59,287.84,286.09,285.59,285.34,285.28,285.09,284.78
57492,305.59,287.9,286.09,285.59,285.34,285.28,285.09,284.78
57629,305.53,287.9,286.09,285.59,285.34,285.28,285.15,284.78
57767,305.53,287.84,286.09,285.59,285.34,285.28,285.15,284.78
57905,305.53,287.84,286.09,285.59,285.34,285.28,285.09,284.78
58042,305.53,287.9,286.03,285.53,285.34,285.28,285.09,284.78
58179,305.46,287.9,286.03,285.53,285.34,285.28,285.09,284.78
58316,305.53,287.9,286.09,285.65,285.34,285.28,285.09,284.78
58454,305.53,287.9,286.09,285.65,285.34,285.34,285.09,284.78
58592,305.53,287.9,286.09,285.59,285.34,285.34,285.09,284.78
58729,305.53,287.96,286.09,285.59,285.34,285.28,285.09,284.78
58866,305.46,287.96,286.09,285.59,285.34,285.28,285.09,284.71
59003,305.46,287.96,286.15,285.59,285.34,285.28,285.09,284.71
59141,305.53,287.96,286.15,285.59,285.34,285.28,285.09,284.78
59278,305.53,287.96,286.09,285.59,285.34,285.34,285.09,284.78
59415,305.46,287.96,286.09,285.59,285.34,285.28,285.15,284.71
59553,305.46,288.03,286.15,285.59,285.28,285.28,285.15,284.71
59691,305.46,288.03,286.15,285.59,285.28,285.34,285.09,284.71
59828,305.46,288.03,286.03,285.59,285.28,285.34,285.09,284.71
59965,305.46,288.03,286.03,285.59,285.28,285.28,285.09,284.71
60102,305.46,288.03,286.03,285.59,285.34,285.28,285.09,284.71
60239,305.46,288.09,286.09,285.59,285.34,285.28,285.09,284.78
60378,305.4,288.09,286.09,285.59,285.34,285.28,285.09,284.78
60515,305.4,288.09,286.09,285.53,285.28,285.28,285.09,284.78
60652,305.4,288.09,286.09,285.53,285.28,285.28,285.09,284.84
60789,305.4,288.09,286.03,285.53,285.28,285.34,285.09,284.84
60926,305.4,288.09,286.03,285.53,285.28,285.34,285.09,284.71
61064,305.4,288.03,286.09,285.59,285.34,285.28,285.09,284.71
61201,305.4,288.09,286.09,285.59,285.34,285.28,285.09,284.78
61339,305.4,288.09,286.09,285.59,285.34,285.28,285.15,284.78
61476,305.34,288.09,286.09,285.59,285.34,285.28,285.15,284.71
61614,305.34,288.09,286.09,285.53,285.28,285.34,285.03,284.71
61751,305.34,288.09,286.09,285.53,285.28,285.28,285.09,284.78
61888,305.34,288.09,286.09,285.53,285.28,285.28,285.09,284.78
62025,305.34,288.15,286.09,285.53,285.28,285.28,285.09,284.71
62163,305.34,288.15,286.09,285.59,285.28,285.28,285.09,284.71
62301,305.34,288.15,286.09,285.59,285.28,285.34,285.09,284.71
62438,305.34,288.15,286.09,285.53,285.28,285.34,285.09,284.78
62575,305.34,288.15,286.09,285.53,285.28,285.28,285.15,284.78
62712,305.28,288.21,286.09,285.53,285.28,285.28,285.15,284.78
62850,305.28,288.21,286.09,285.53,285.28,285.28,285.03,284.78
62988,305.28,288.21,286.09,285.53,285.28,285.28,285.03,284.78
63125,305.28,288.21,286.09,285.53,285.34,285.28,285.03,284.78
63262,305.28,288.21,286.03,285.53,285.34,285.28,285.03,284.71
63399,305.15,288.21,286.03,285.53,285.28,285.28,285.09,284.71
63537,305.15,288.21,286.03,285.53,285.28,285.28,285.09,284.78
63674,305.15,288.28,286.03,285.53,285.28,285.28,285.09,284.78
63811,305.15,288.28,286.03,285.59,285.28,285.28,285.09,284.78
63949,305.09,288.21,286.03,285.59,285.34,285.28,285.09,284.71
64087,305.09,288.21,286.03,285.59,285.34,285.21,285.09,284.71
64224,304.96,288.28,286.03,285.59,285.28,285.21,285.09,284.71
64361,304.96,288.28,286.03,285.53,285.28,285.21,285.09,284.71
64498,304.9,288.28,286.03,285.53,285.34,285.21,285.09,284.78
64635,304.9,288.28,286.03,285.53,285.34,285.21,285.09,284.78
64774,304.84,288.28,286.03,285.53,285.28,285.21,285.09,284.71
64911,304.84,288.28,286.03,285.53,285.28,285.28,285.09,284.71
65048,304.71,288.28,285.96,285.53,285.28,285.28,285.09,284.78
65185,304.65,288.28,285.96,285.59,285.28,285.21,285.09,284.78
65323,304.65,288.28,286.03,285.53,285.28,285.21,285.09,284.71
65460,304.59,288.28,286.03,285.53,285.28,285.21,285.09,284.71
65597,304.59,288.28,286.03,285.59,285.28,285.21,285.09,284.71
65735,304.52,288.28,285.96,285.59,285.34,285.21,285.09,284.78
65872,304.52,288.28,285.96,285.53,285.34,285.21,285.09,284.78
66010,304.46,288.28,285.96,285.53,285.28,285.21,285.03,284.71
66147,304.46,288.28,285.96,285.53,285.28,285.21,285.03,284.71
66284,304.4,288.28,285.96,285.53,285.28,285.21,285.03,284.71
66421,304.4,288.34,285.96,285.53,285.28,285.21,285.03,284.71
66558,304.27,288.34,285.9,285.53,285.28,285.21,285.03,284.71
66697,304.21,288.34,285.9,285.46,285.28,285.28,285.09,284.71
66834,304.21,288.34,285.9,285.46,285.28,285.28,285.09,284.71
66971,304.09,288.34,285.96,285.53,285.28,285.21,285.03,284.71
67108,304.09,288.34,285.96,285.53,285.28,285.21,285.03,284.71
67246,304.02,288.34,285.9,285.53,285.28,285.21,285.09,284.71
67383,304.02,288.34,285.9,285.53,285.28,285.21,285.09,284.71
67521,303.96,288.34,285.96,285.46,285.28,285.15,285.03,284.71
67658,303.96,288.4,285.96,285.46,285.21,285.15,285.03,284.71
67795,303.9,288.4,285.9,285.53,285.21,285.21,285.03,284.78
67933,303.9,288.34,285.9,285.53,285.28,285.21,285.03,284.78
68070,303.9,288.34,285.9,285.53,285.28,285.21,285.03,284.78
68207,303.9,288.34,285.9,285.53,285.28,285.21,285.03,284.78
68344,303.77,288.34,285.9,285.53,285.21,285.21,285.09,284.71
68483,303.59,288.34,285.9,285.53,285.21,285.21,285.09,284.71
68620,303.59,288.34,285.9,285.46,285.28,285.21,285.03,284.71
68757,303.59,288.34,285.9,285.46,285.28,285.15,285.09,284.71
68894,303.59,288.34,285.9,285.46,285.21,285.15,285.09,284.71
69031,303.46,288.34,285.9,285.46,285.21,285.21,285.09,284.71
69169,303.46,288.4,285.9,285.46,285.28,285.21,285.09,284.71
69307,303.4,288.4,285.9,285.46,285.28,285.15,285.03,284.71
69444,303.4,288.4,285.9,285.53,285.21,285.15,285.03,284.71
69581,303.27,288.4,285.9,285.53,285.21,285.21,285.03,284.71
69719,303.27,288.4,285.9,285.46,285.21,285.21,285.03,284.71
69856,303.21,288.4,285.84,285.46,285.21,285.21,285.03,284.71
69993,303.21,288.4,285.84,285.46,285.15,285.21,285.03,284.71
70130,303.15,288.4,285.84,285.46,285.15,285.21,285.03,284.78
70268,303.09,288.4,285.9,285.4,285.21,285.21,285.03,284.78
70406,303.09,288.4,285.9,285.4,285.21,285.21,285.03,284.71
70543,303.02,288.4,285.84,285.46,285.21,285.21,285.03,284.71
70680,303.02,288.4,285.84,285.46,285.21,285.15,284.96,284.71
70817,302.9,288.4,285.84,285.46,285.21,285.15,284.96,284.71
70955,302.9,288.4,285.84,285.46,285.21,285.15,285.03,284.71
71092,302.84,288.4,285.84,285.4,285.21,285.15,285.03,284.71
71230,302.84,288.4,285.84,285.4,285.21,285.15,285.03,284.71
71367,302.77,288.4,285.84,285.46,285.21,285.15,285.03,284.71
71504,302.77,288.4,285.9,285.46,285.15,285.15,285.03,284.71
71642,302.71,288.34,285.9,285.46,285.15,285.15,285.03,284.78
71779,302.59,288.34,285.84,285.46,285.21,285.15,285.03,284.78
71916,302.59,288.4,285.84,285.46,285.21,285.21,285.03,284.71
72053,302.46,288.4,285.84,285.46,285.21,285.21,285.03,284.71
72192,302.46,288.4,285.84,285.46,285.21,285.15,285.03,284.65
72329,302.4,288.4,285.84,285.46,285.21,285.15,285.03,284.71
72466,302.4,288.4,285.84,285.46,285.21,285.21,285.03,284.71
72603,302.34,288.4,285.84,285.46,285.21,285.21,285.03,284.71
72740,302.34,288.4,285.84,285.46,285.21,285.15,285.03,284.71
72878,302.34,288.4,285.84,285.46,285.15,285.15,285.03,284.71
73015,302.34,288.4,285.84,285.4,285.15,285.15,285.03,284.71
73153,302.27,288.4,285.84,285.4,285.21,285.15,284.96,284.78
73290,302.21,288.4,285.84,285.4,285.15,285.15,284.96,284.78
73427,302.21,288.4,285.84,285.46,285.15,285.15,285.03,284.71
73565,302.15,288.4,285.84,285.46,285.21,285.15,285.03,284.71
73702,302.15,288.46,285.84,285.46,285.21,285.15,284.96,284.71
73839,302.09,288.4,285.84,285.46,285.15,285.15,284.96,284.71
73977,302.09,288.4,285.84,285.4,285.15,285.15,285.03,284.71
74115,302.02,288.4,285.84,285.4,285.15,285.15,285.03,284.71
74252,302.02,288.4,285.9,285.4,285.15,285.15,285.03,284.71
74389,301.96,288.46,285.9,285.4,285.15,285.15,285.03,284.71
74526,301.96,288.46,285.84,285.46,285.15,285.15,285.03,284.71
74663,301.96,288.46,285.84,285.46,285.15,285.15,285.03,284.71
74801,301.96,288.46,285.84,285.4,285.15,285.21,285.03,284.71
74938,301.84,288.46,285.84,285.4,285.15,285.21,285.03,284.71
75076,301.77,288.46,285.9,285.46,285.15,285.21,285.03,284.71
75213,301.77,288.46,285.9,285.46,285.15,285.21,285.03,284.78
75351,301.71,288.46,285.9,285.4,285.15,285.15,285.03,284.78
75488,301.71,288.46,285.84,285.4,285.15,285.15,284.96,284.71
75625,301.71,288.46,285.84,285.4,285.15,285.21,284.96,284.71
75762,301.71,288.46,285.9,285.4,285.15,285.21,284.96,284.71
75900,301.59,288.53,285.9,285.4,285.15,285.21,284.96,284.71
76038,301.59,288.53,285.84,285.4,285.15,285.15,284.96,284.71
76175,301.52,288.46,285.84,285.4,285.15,285.15,284.96,284.71
76312,301.52,288.46,285.84,285.4,285.15,285.15,285.03,284.71
76449,301.46,288.46,285.84,285.46,285.15,285.15,285.03,284.71
76587,301.4,288.53,285.84,285.46,285.15,285.15,285.03,284.71
76724,301.4,288.53,285.84,285.46,285.15,285.15,285.03,284.71
76862,301.34,288.53,285.84,285.46,285.15,285.15,284.96,284.71
76999,301.34,288.53,285.84,285.4,285.15,285.15,284.96,284.65
77136,301.34,288.53,285.84,285.4,285.15,285.15,284.96,284.65
77274,301.34,288.53,285.84,285.46,285.15,285.15,284.96,284.78
77411,301.27,288.53,285.84,285.46,285.15,285.21,285.03,284.71
77548,301.27,288.53,285.9,285.4,285.15,285.21,285.03,284.71
77685,301.15,288.53,285.9,285.4,285.15,285.15,284.96,284.71
77824,301.15,288.53,285.9,285.4,285.15,285.15,285.03,284.71
77961,301.15,288.53,285.84,285.4,285.15,285.15,285.03,284.71
78098,301.15,288.53,285.84,285.4,285.15,285.15,285.03,284.71
78235,301.09,288.53,285.84,285.4,285.15,285.15,285.03,284.65
78372,301.02,288.53,285.84,285.46,285.15,285.15,284.96,284.65
78510,301.02,288.53,285.9,285.46,285.15,285.15,284.96,284.71
78647,300.96,288.53,285.9,285.4,285.15,285.21,284.96,284.71
78785,300.96,288.53,285.84,285.4,285.15,285.21,284.96,284.71
78922,300.9,288.53,285.84,285.46,285.15,285.15,285.03,284.65
79059,300.9,288.53,285.9,285.46,285.15,285.15,285.03,284.65
79197,300.9,288.53,285.9,285.4,285.15,285.15,284.96,284.65
79334,300.9,288.59,285.9,285.4,285.09,285.15,284.96,284.65
79471,300.84,288.59,285.84,285.4,285.09,285.15,285.03,284.71
79608,300.84,288.53,285.84,285.4,285.09,285.15,285.03,284.71
79747,300.77,288.53,285.84,285.4,285.09,285.21,284.96,284.71
79884,300.71,288.59,285.84,285.4,285.15,285.21,284.96,284.71
80021,300.71,288.59,285.9,285.4,285.15,285.15,285.03,284.71
80158,300.71,288.59,285.9,285.4,285.15,285.15,284.96,284.71
80295,300.71,288.59,285.9,285.4,285.15,285.15,284.96,284.71
80433,300.65,288.59,285.9,285.4,285.15,285.15,285.03,284.71
80571,300.65,288.59,285.84,285.4,285.15,285.15,285.03,284.78
80708,300.59,288.59,285.84,285.4,285.09,285.15,284.96,284.71
80845,300.59,288.59,285.84,285.46,285.09,285.15,284.96,284.71
80983,300.52,288.59,285.84,285.46,285.09,285.15,284.96,284.71
81120,300.52,288.59,285.84,285.4,285.15,285.15,284.96,284.71
81257,300.52,288.59,285.9,285.4,285.15,285.15,284.96,284.71
81394,300.52,288.59,285.9,285.4,285.09,285.15,284.96,284.71
81532,300.4,288.59,285.9,285.4,285.09,285.09,284.96,284.71
81670,300.4,288.59,285.9,285.4,285.15,285.09,284.96,284.71
81807,300.4,288.59,285.9,285.4,285.15,285.15,284.96,284.71
81944,300.4,288.59,285.9,285.4,285.09,285.15,284.96,284.71
82081,300.4,288.59,285.84,285.4,285.09,285.15,284.96,284.71
82219,300.27,288.59,285.84,285.4,285.15,285.15,284.96,284.71
82356,300.27,288.59,285.84,285.4,285.15,285.15,284.96,284.71
82494,300.27,288.59,285.9,285.4,285.09,285.09,285.03,284.71
82631,300.27,288.65,285.9,285.4,285.09,285.09,285.03,284.71
82768,300.27,288.65,285.84,285.4,285.15,285.15,284.96,284.71
82906,300.27,288.65,285.84,285.4,285.15,285.15,284.96,284.71
83043,300.15,288.59,285.9,285.4,285.09,285.15,284.96,284.71
83180,300.09,288.59,285.9,285.46,285.09,285.15,284.96,284.71
83318,300.09,288.65,285.84,285.46,285.09,285.09,284.96,284.71
83456,299.96,288.65,285.9,285.4,285.09,285.09,284.96,284.71
83593,299.96,288.59,285.9,285.4,285.09,285.09,284.96,284.71
83730,299.84,288.59,285.84,285.4,285.09,285.09,284.96,284.71
83867,299.84,288.59,285.84,285.4,285.09,285.15,284.96,284.65
84004,299.71,288.59,285.84,285.4,285.09,285.15,284.96,284.65
84142,299.71,288.59,285.84,285.4,285.09,285.09,284.96,284.65
84280,299.59,288.59,285.84,285.4,285.09,285.09,284.96,284.65
84417,299.59,288.59,285.84,285.4,285.09,285.15,284.96,284.65
84554,299.52,288.65,285.78,285.34,285.15,285.15,284.96,284.71
84691,299.46,288.65,285.78,285.34,285.15,285.09,284.96,284.71
84829,299.46,288.59,285.78,285.4,285.09,285.09,284.96,284.71
84966,299.4,288.59,285.78,285.4,285.09,285.09,284.96,284.71
85103,299.4,288.59,285.78,285.4,285.09,285.09,284.96,284.65
85241,299.34,288.59,285.78,285.4,285.09,285.09,284.96,284.65
85379,299.34,288.59,285.78,285.34,285.15,285.09,284.96,284.65
85516,299.27,288.59,285.78,285.34,285.15,285.09,284.96,284.65
85653,299.27,288.59,285.78,285.4,285.09,285.09,284.96,284.65
85790,299.21,288.59,285.78,285.4,285.09,285.09,284.96,284.71
85927,299.21,288.59,285.78,285.34,285.09,285.09,284.96,284.71
86066,299.15,288.53,285.78,285.34,285.09,285.09,284.96,284.65
86203,299.15,288.53,285.78,285.34,285.09,285.15,284.96,284.65
86340,299.02,288.59,285.78,285.34,285.09,285.15,284.96,284.71
86477,298.96,288.59,285.78,285.4,285.09,285.09,284.96,284.71
86615,298.96,288.53,285.78,285.4,285.09,285.09,284.96,284.71
86752,298.9,288.53,285.71,285.4,285.09,285.09,284.9,284.71
86890,298.9,288.53,285.71,285.4,285.09,285.09,284.96,284.71
87027,298.77,288.53,285.71,285.34,285.09,285.09,284.96,284.71
87164,298.77,288.53,285.71,285.34,285.09,285.09,284.96,284.71
87302,298.71,288.53,285.78,285.4,285.09,285.09,284.96,284.65
87439,298.71,288.53,285.78,285.4,285.09,285.09,284.96,284.65
87576,298.52,288.46,285.71,285.34,285.09,285.09,284.96,284.65
87714,298.52,288.46,285.71,285.34,285.09,285.09,284.96,284.65
87852,298.4,288.53,285.71,285.34,285.09,285.09,284.96,284.65
87989,298.27,288.46,285.71,285.34,285.09,285.09,284.96,284.65
88126,298.27,288.46,285.71,285.34,285.09,285.09,284.96,284.71
88263,298.27,288.46,285.71,285.34,285.03,285.03,284.96,284.71
88400,298.27,288.46,285.71,285.34,285.09,285.03,284.96,284.71
88538,298.21,288.46,285.71,285.34,285.09,285.09,284.96,284.71
88676,298.21,288.46,285.71,285.4,285.09,285.09,284.96,284.65
88813,298.09,288.46,285.71,285.4,285.09,285.09,284.9,284.65
88950,298.09,288.46,285.71,285.34,285.09,285.09,284.9,284.71
89088,298.02,288.46,285.71,285.34,285.09,285.09,284.9,284.65
89225,298.02,288.46,285.71,285.34,285.09,285.09,284.96,284.65
89362,297.96,288.46,285.71,285.34,285.09,285.09,284.96,284.65
89500,297.9,288.4,285.71,285.34,285.09,285.03,284.9,284.65
89637,297.9,288.4,285.71,285.34,285.09,285.03,284.9,284.65
89775,297.84,288.4,285.71,285.34,285.03,285.03,284.96,284.65
89912,297.84,288.4,285.71,285.34,285.03,285.03,284.96,284.65
90049,297.77,288.46,285.71,285.34,285.03,285.03,284.9,284.65
90186,297.77,288.46,285.71,285.34,285.03,285.03,284.9,284.65
90323,297.65,288.4,285.71,285.34,285.09,285.03,284.9,284.65
90462,297.65,288.4,285.65,285.34,285.09,285.03,284.9,284.65
90599,297.59,288.4,285.65,285.34,285.09,285.09,284.9,284.65
90736,297.59,288.34,285.71,285.34,285.09,285.09,284.9,284.65
90873,297.52,288.34,285.71,285.34,285.09,285.09,284.9,284.65
91011,297.46,288.4,285.71,285.34,285.03,285.09,284.9,284.65
91148,297.46,288.4,285.71,285.34,285.03,285.03,284.9,284.71
91286,297.46,288.4,285.71,285.34,285.03,285.03,284.9,284.71
91423,297.46,288.4,285.71,285.34,285.03,285.03,284.9,284.65
91560,297.4,288.34,285.71,285.34,285.03,285.03,284.9,284.65
91698,297.4,288.34,285.65,285.34,285.03,285.09,284.9,284.71
91835,297.34,288.34,285.65,285.34,285.03,285.09,284.96,284.71
91972,297.34,288.4,285.71,285.34,285.03,285.09,284.96,284.65
92109,297.27,288.4,285.71,285.28,285.03,285.09,284.96,284.65
92248,297.27,288.4,285.71,285.28,285.03,285.09,284.96,284.65
92385,297.21,288.4,285.71,285.34,285.03,285.03,284.9,284.71
92522,297.21,288.34,285.71,285.34,285.03,285.03,284.9,284.71
92659,297.15,288.34,285.71,285.28,285.03,285.09,284.9,284.65
92796,297.09,288.34,285.71,285.28,285.03,285.09,284.9,284.65
92934,297.09,288.34,285.71,285.34,285.03,285.09,284.9,284.65
93072,297.09,288.34,285.71,285.34,285.03,285.09,284.9,284.65
93209,297.09,288.34,285.71,285.28,284.96,285.09,284.9,284.71
93346,296.96,288.34,285.71,285.28,284.96,285.09,284.9,284.71
93484,296.96,288.34,285.71,285.34,285.03,285.03,284.9,284.65
93621,296.9,288.34,285.71,285.34,285.03,285.03,284.9,284.65
93758,296.9,288.34,285.78,285.34,285.03,285.03,284.9,284.71
93895,296.84,288.34,285.78,285.34,285.03,285.03,284.96,284.71
94033,296.84,288.34,285.71,285.28,285.03,285.09,284.96,284.65
94171,296.84,288.34,285.71,285.28,285.03,285.03,284.9,284.65
94308,296.77,288.34,285.71,285.34,285.03,285.03,284.9,284.65
94445,296.77,288.34,285.71,285.34,285.09,285.09,284.96,284.65
94582,296.71,288.34,285.71,285.28,285.09,285.09,284.96,284.65
94720,296.71,288.28,285.71,285.28,285.03,285.09,284.9,284.65
94858,296.65,288.28,285.71,285.34,285.03,285.09,284.9,284.65
94995,296.65,288.34,285.71,285.34,285.03,285.09,284.9,284.65
95132,296.59,288.34,285.71,285.28,285.03,285.09,284.9,284.65
95269,296.59,288.34,285.65,285.28,285.03,285.03,284.96,284.71
95407,296.59,288.34,285.65,285.34,285.03,285.03,284.96,284.71
95544,296.59,288.28,285.65,285.34,285.03,285.09,284.9,284.65
95681,296.52,288.34,285.71,285.34,285.03,285.09,284.9,284.65
95819,296.4,288.34,285.71,285.34,285.03,285.03,284.9,284.65
95956,296.4,288.28,285.71,285.28,285.03,285.03,284.9,284.65
96094,296.4,288.28,285.71,285.28,285.03,285.03,284.9,284.65
96231,296.4,288.34,285.71,285.34,285.03,285.03,284.9,284.71
96368,296.34,288.34,285.71,285.34,285.03,285.09,284.9,284.71
96505,296.34,288.28,285.71,285.28,285.03,285.03,284.9,284.65
96644,296.27,288.28,285.71,285.28,285.03,285.03,284.9,284.65
96781,296.27,288.34,285.65,285.34,285.03,285.09,284.96,284.65
96918,296.21,288.28,285.65,285.34,285.03,285.09,284.96,284.65
97055,296.21,288.28,285.71,285.34,285.03,285.03,284.9,284.71
97192,296.21,288.28,285.71,285.28,285.03,285.03,284.9,284.71
97330,296.15,288.28,285.71,285.28,285.03,285.09,284.9,284.71
97467,296.15,288.28,285.71,285.34,285.03,285.09,284.9,284.65
97605,296.09,288.28,285.71,285.34,284.96,285.03,284.9,284.65
97742,296.09,288.28,285.71,285.34,284.96,285.03,284.9,284.71
97880,296.02,288.28,285.71,285.34,285.03,285.03,284.9,284.71
98017,296.02,288.28,285.78,285.28,285.03,285.03,284.9,284.65
98154,295.96,288.28,285.78,285.28,285.03,285.03,284.9,284.65
98291,295.96,288.28,285.65,285.34,285.03,285.03,284.9,284.71
98429,295.96,288.28,285.65,285.34,285.03,285.03,284.9,284.71
98567,295.96,288.28,285.65,285.34,285.03,285.03,284.9,284.65
98704,295.9,288.28,285.71,285.34,285.03,285.09,284.9,284.65
98841,295.84,288.28,285.71,285.28,285.03,285.03,284.9,284.71
98978,295.84,288.28,285.65,285.28,285.03,285.03,284.9,284.71
99116,295.77,288.28,285.65,285.28,285.03,285.03,284.9,284.65
99253,295.77,288.21,285.65,285.28,285.03,285.03,284.9,284.65
99391,295.77,288.28,285.65,285.34,285.03,285.09,284.9,284.65
99528,295.77,288.28,285.71,285.34,285.03,285.09,284.9,284.71
99665,295.71,288.28,285.71,285.28,285.03,285.09,284.9,284.71
99803,295.71,288.28,285.65,285.28,285.03,285.09,284.9,284.65
99940,295.65,288.21,285.65,285.28,285.03,285.03,284.9,284.65
100077,295.65,288.21,285.65,285.28,285.03,285.03,284.9,284.71
100215,295.59,288.21,285.65,285.28,285.03,285.09,284.9,284.71
100353,295.59,288.21,285.65,285.28,285.03,285.09,284.9,284.65
100490,295.46,288.21,285.71,285.34,285.03,284.96,284.9,284.65
100627,295.46,288.21,285.71,285.34,285.03,284.96,284.9,284.65
100764,295.46,288.28,285.65,285.34,284.96,284.96,284.9,284.71
100902,295.34,288.21,285.65,285.34,284.96,285.03,284.9,284.71
101040,295.34,288.21,285.71,285.28,285.09,285.03,284.9,284.71
101177,295.27,288.21,285.65,285.28,284.96,285.03,284.9,284.71
101314,295.27,288.21,285.65,285.28,284.96,285.03,284.9,284.65
101451,295.27,288.21,285.65,285.28,285.03,285.03,284.9,284.65
101588,295.27,288.21,285.65,285.34,285.03,285.03,284.9,284.71
101727,295.21,288.21,285.65,285.34,285.03,285.03,284.96,284.71
101864,295.21,288.21,285.65,285.28,285.03,285.03,284.96,284.65
102001,295.15,288.21,285.65,285.28,285.03,285.03,284.9,284.65
102138,295.09,288.15,285.65,285.34,285.03,285.03,284.9,284.65
102276,295.09,288.15,285.65,285.34,285.03,285.03,284.9,284.65
102414,295.02,288.21,285.65,285.28,285.03,285.03,284.9,284.65
102551,295.02,288.21,285.65,285.28,285.03,285.03,284.9,284.65
102688,295.02,288.09,285.59,285.34,285.03,285.03,284.9,284.65
102825,295.02,288.09,285.59,285.34,284.96,284.96,284.84,284.65
102963,294.9,288.09,285.65,285.28,284.96,284.96,284.84,284.65
103100,294.9,288.09,285.65,285.28,284.96,284.96,284.84,284.59
103238,294.84,288.09,285.59,285.28,284.96,284.96,284.84,284.59
103375,294.84,288.09,285.59,285.28,284.9,284.96,284.84,284.65
103513,294.77,288.09,285.59,285.28,284.9,284.96,284.9,284.65
103650,294.77,288.09,285.59,285.28,284.9,284.96,284.9,284.65
103787,294.77,288.09,285.59,285.28,284.96,285.03,284.84,284.65
103925,294.71,288.09,285.59,285.28,284.96,285.03,284.84,284.59
104062,294.71,288.09,285.59,285.28,284.96,285.03,284.84,284.59
104200,294.71,288.09,285.59,285.28,284.96,285.03,284.84,284.59
104337,294.71,288.03,285.59,285.28,284.96,284.96,284.84,284.65
104474,294.59,288.03,285.59,285.28,284.96,284.96,284.84,284.65
104612,294.59,288.03,285.59,285.28,284.96,285.03,284.84,284.65
104750,294.59,288.03,285.59,285.21,284.96,285.03,284.84,284.65
104887,294.59,288.09,285.59,285.21,284.96,284.96,284.84,284.65
105024,294.59,288.09,285.59,285.28,284.96,284.96,284.84,284.65
105161,294.52,288.09,285.59,285.28,284.96,284.96,284.84,284.59
105298,294.52,288.09,285.59,285.28,284.96,284.96,284.9,284.59
105437,294.46,288.03,285.59,285.28,284.9,284.96,284.9,284.59
105574,294.46,288.03,285.59,285.28,284.9,285.03,284.84,284.59
105711,294.4,288.03,285.59,285.28,284.9,285.03,284.84,284.59
105848,294.4,288.09,285.59,285.28,284.9,284.96,284.84,284.65
105986,294.34,288.09,285.59,285.28,284.9,284.96,284.84,284.65
106124,294.34,288.03,285.59,285.21,284.9,285.03,284.84,284.59
106261,294.34,288.03,285.59,285.21,284.9,285.03,284.84,284.59
106398,294.27,288.03,285.59,285.28,284.96,284.96,284.84,284.65
106535,294.27,288.03,285.59,285.28,284.96,284.96,284.84,284.65
106673,294.27,288.03,285.65,285.28,284.9,284.96,284.84,284.65
106810,294.27,288.03,285.65,285.28,284.9,284.96,284.84,284.65
106948,294.21,288.03,285.59,285.21,284.96,284.96,284.84,284.65
107085,294.21,288.03,285.59,285.21,284.96,284.96,284.84,284.65
107223,294.21,288.03,285.59,285.21,284.96,284.96,284.84,284.65
107360,294.21,288.03,285.59,285.21,284.96,285.03,284.84,284.65
107497,294.15,288.03,285.59,285.21,284.96,285.03,284.84,284.65
107635,294.09,288.03,285.59,285.21,284.96,285.03,284.84,284.65
107772,294.09,288.03,285.59,285.21,284.9,285.03,284.84,284.65
107910,294.15,288.03,285.59,285.21,284.9,284.96,284.84,284.65
108047,294.15,288.03,285.59,285.21,284.9,284.96,284.84,284.65
108184,294.02,288.03,285.59,285.21,284.9,284.96,284.84,284.65
108321,294.02,288.09,285.59,285.28,284.9,284.96,284.84,284.65
108460,294.09,288.09,285.59,285.28,284.96,285.03,284.84,284.65
108597,294.09,288.03,285.59,285.28,284.96,285.03,284.84,284.65
108734,293.96,288.03,285.59,285.28,284.9,285.03,284.84,284.65
108871,293.96,288.09,285.65,285.28,284.9,285.03,284.78,284.65
109008,293.9,288.03,285.65,285.28,284.9,284.96,284.78,284.65
109147,293.9,288.03,285.65,285.21,284.9,284.96,284.9,284.65
109284,293.9,288.09,285.65,285.21,284.9,284.96,284.9,284.65
109421,293.84,288.09,285.59,285.21,284.9,285.03,284.84,284.59
109558,293.84,288.09,285.59,285.28,284.96,285.03,284.84,284.59
109696,293.77,288.09,285.59,285.28,284.96,284.96,284.84,284.65
109834,293.77,288.09,285.59,285.28,284.96,284.96,284.84,284.65
109971,293.77,288.09,285.59,285.28,284.96,284.96,284.84,284.65
110108,293.77,288.03,285.65,285.28,284.96,284.96,284.84,284.65
110245,293.71,288.09,285.65,285.28,284.9,285.03,284.84,284.65
110383,293.71,288.09,285.59,285.28,284.9,285.03,284.84,284.59
110520,293.71,288.09,285.59,285.28,284.96,285.03,284.84,284.59
110658,293.65,288.09,285.65,285.28,284.96,285.03,284.84,284.65
110795,293.65,288.09,285.65,285.28,284.9,284.96,284.84,284.65
110932,293.65,288.09,285.65,285.28,284.9,284.96,284.84,284.65
111070,293.65,288.03,285.65,285.28,284.96,284.96,284.84,284.65
111207,293.65,288.03,285.65,285.21,284.96,285.03,284.84,284.65
111345,293.65,288.09,285.59,285.21,284.96,285.03,284.84,284.65
111482,293.65,288.09,285.59,285.28,284.96,284.96,284.84,284.65
111620,293.65,288.09,285.65,285.28,284.96,284.96,284.84,284.65
111757,293.59,288.09,285.65,285.28,284.96,285.03,284.84,284.65
111894,293.59,288.09,285.65,285.28,284.96,285.03,284.84,284.71
112032,293.59,288.09,285.65,285.28,284.96,285.03,284.84,284.71
112169,293.52,288.09,285.65,285.28,284.96,285.03,284.84,284.65
112307,293.52,288.09,285.65,285.34,284.96,284.96,284.9,284.65
112444,293.52,288.09,285.59,285.34,284.96,284.96,284.9,284.71
112581,293.52,288.09,285.59,285.28,284.96,284.96,284.84,284.71
112718,293.52,288.09,285.65,285.28,284.96,284.96,284.84,284.65
112857,293.52,288.09,285.65,285.28,284.96,284.96,284.84,284.65
112994,293.46,288.09,285.65,285.28,284.96,284.96,284.84,284.65
113131,293.46,288.09,285.65,285.28,284.96,285.03,284.84,284.65
113268,293.46,288.09,285.65,285.28,284.96,285.03,284.84,284.65
113405,293.4,288.09,285.71,285.28,285.03,285.03,284.84,284.71
113544,293.4,288.09,285.71,285.28,285.03,285.03,284.9,284.71
113681,293.34,288.09,285.65,285.28,284.96,285.03,284.9,284.71
113818,293.34,288.03,285.65,285.28,284.96,284.96,284.84,284.71
113955,293.34,288.09,285.65,285.28,284.96,284.96,284.84,284.65
114093,293.34,288.09,285.65,285.28,284.96,285.03,284.84,284.65
114231,293.34,288.09,285.65,285.34,284.96,285.03,284.84,284.65
114368,293.34,288.09,285.65,285.34,284.96,284.96,284.84,284.65
114505,293.27,288.09,285.65,285.28,285.03,284.96,284.84,284.65
114642,293.27,288.09,285.65,285.28,285.03,285.03,284.9,284.65
114780,293.27,288.09,285.65,285.28,284.96,285.03,284.9,284.65
114917,293.21,288.09,285.65,285.28,284.96,285.03,284.84,284.71
115055,293.21,288.03,285.65,285.34,284.96,285.03,284.84,284.71
115192,293.21,288.09,285.65,285.34,285.03,285.03,284.84,284.65
115330,293.21,288.09,285.65,285.28,285.03,285.03,284.84,284.65
115467,293.21,288.09,285.65,285.28,284.96,284.96,284.84,284.71
115604,293.21,288.09,285.65,285.28,284.96,284.96,284.84,284.71
115742,293.15,288.09,285.65,285.28,284.96,284.96,284.84,284.65
115879,293.15,288.09,285.65,285.34,284.96,285.03,284.9,284.65
116017,293.15,288.03,285.65,285.34,285.03,285.03,284.9,284.65
116154,293.15,288.03,285.65,285.28,285.03,285.03,284.84,284.65
116291,293.09,288.09,285.65,285.28,284.96,285.03,284.84,284.65
116428,293.02,288.09,285.71,285.28,284.96,285.03,284.9,284.65
116567,293.02,288.09,285.71,285.28,284.96,285.03,284.9,284.65
116704,293.02,288.03,285.65,285.28,284.96,285.03,284.84,284.71
116841,293.02,288.03,285.65,285.28,284.96,285.03,284.84,284.71
116978,293.02,288.03,285.65,285.28,284.96,284.96,284.84,284.65
117115,293.02,288.03,285.65,285.28,284.96,284.96,284.84,284.65
117254,292.96,288.03,285.65,285.28,284.96,284.96,284.84,284.71
117391,292.96,288.03,285.65,285.28,284.96,284.96,284.84,284.71
117528,292.96,288.09,285.65,285.28,284.96,285.03,284.84,284.65
117665,292.96,288.09,285.71,285.34,284.96,285.03,284.84,284.65
117803,292.9,288.03,285.71,285.34,284.96,284.96,284.84,284.65
117941,292.9,288.03,285.71,285.34,284.96,285.03,284.9,284.65
118078,292.9,288.03,285.71,285.34,284.96,285.03,284.9,284.65
118215,292.9,288.09,285.71,285.34,284.96,285.03,284.84,284.71
118352,292.9,288.09,285.71,285.34,284.96,285.03,284.84,284.71
118490,292.84,288.03,285.71,285.34,284.96,285.03,284.84,284.71
118627,292.84,288.03,285.71,285.34,284.96,285.03,284.84,284.71
118765,292.84,288.03,285.71,285.28,284.96,285.03,284.84,284.65
118902,292.84,288.03,285.71,285.28,284.96,285.03,284.84,284.65
119040,292.84,287.96,285.71,285.28,284.96,285.03,284.84,284.65
119177,292.84,288.03,285.65,285.28,284.96,285.03,284.84,284.65
119314,292.77,288.03,285.65,285.28,284.96,285.03,284.84,284.65
119452,292.77,288.03,285.71,285.28,284.96,285.03,284.84,284.65
119589,292.71,288.03,285.65,285.34,284.96,285.03,284.84,284.65
119727,292.77,288.03,285.65,285.34,284.96,285.03,284.9,284.71
119864,292.77,288.03,285.71,285.34,284.96,285.03,284.9,284.71
120001,292.71,288.03,285.71,285.34,284.96,285.03,284.84,284.71
120139,292.71,288.03,285.71,285.34,284.96,284.96,284.84,284.71
120276,292.71,288.03,285.71,285.34,284.96,284.96,284.84,284.71
120414,292.71,287.96,285.71,285.28,285.03,284.96,284.84,284.71
120551,292.65,287.96,285.71,285.28,285.03,285.03,284.9,284.71
120688,292.65,288.03,285.65,285.34,284.96,285.03,284.9,284.71
120826,292.71,288.03,285.71,285.34,284.96,285.03,284.84,284.65
120964,292.71,288.03,285.71,285.28,284.96,285.03,284.84,284.65
121101,292.65,288.03,285.71,285.28,284.96,285.03,284.84,284.65
121238,292.65,288.03,285.71,285.34,284.96,285.03,284.84,284.65
121375,292.65,288.03,285.71,285.34,284.96,284.96,284.84,284.65
121512,292.59,288.03,285.71,285.34,284.96,284.96,284.84,284.71
121651,292.59,287.96,285.71,285.34,284.96,285.03,284.84,284.71
121788,292.65,287.96,285.71,285.34,284.96,285.03,284.84,284.71
121925,292.65,288.03,285.65,285.34,284.96,285.03,284.84,284.71
122062,292.59,288.03,285.65,285.28,284.96,285.03,284.84,284.65
122200,292.59,288.03,285.71,285.28,284.96,285.03,284.84,284.65
122338,292.59,288.03,285.71,285.34,284.96,285.03,284.84,284.65
122475,292.59,288.03,285.71,285.34,284.96,285.03,284.84,284.65
122612,292.52,288.03,285.71,285.34,284.96,285.03,284.9,284.71
122749,292.52,288.03,285.71,285.34,284.96,285.03,284.9,284.71
122887,292.52,288.03,285.71,285.34,284.96,285.03,284.84,284.71
123024,292.52,288.03,285.71,285.34,284.96,285.03,284.84,284.71
123162,292.52,288.03,285.71,285.34,284.96,285.03,284.84,284.71
123299,292.52,288.03,285.71,285.34,284.96,285.03,284.84,284.71
123437,292.52,288.03,285.71,285.34,284.96,285.03,284.84,284.71
123574,292.46,288.03,285.71,285.34,284.96,285.03,284.84,284.71
123711,292.46,287.96,285.71,285.34,284.96,284.96,284.84,284.71
123849,292.52,287.96,285.71,285.34,284.96,284.96,284.84,284.71
123986,292.52,287.96,285.71,285.34,284.96,285.03,284.9,284.71
124124,292.46,288.03,285.71,285.34,285.03,285.03,284.9,284.65
124261,292.46,288.03,285.71,285.34,285.03,284.96,284.84,284.65
124398,292.46,288.03,285.71,285.34,284.96,284.96,284.84,284.71
124536,292.4,288.03,285.71,285.34,284.96,285.03,284.84,284.71
124674,292.4,288.03,285.78,285.34,285.03,285.03,284.84,284.65
124811,292.4,288.03,285.78,285.34,285.03,285.03,284.84,284.71
124948,292.4,288.03,285.71,285.34,284.96,285.03,284.84,284.71
125085,292.4,288.03,285.71,285.34,285.03,285.03,284.84,284.71
125223,292.4,288.03,285.71,285.34,285.03,285.03,284.84,284.71
125361,292.34,288.03,285.71,285.34,284.96,285.03,284.84,284.65
125498,292.34,288.03,285.71,285.34,284.96,285.03,284.84,284.65
125635,292.34,288.03,285.78,285.34,284.96,285.03,284.84,284.71
125772,292.34,288.03,285.78,285.4,284.96,284.96,284.84,284.71
125910,292.34,288.03,285.71,285.4,285.03,284.96,284.84,284.65
126048,292.34,288.03,285.71,285.34,285.03,285.03,284.84,284.65
126185,292.34,288.03,285.71,285.34,284.96,285.03,284.84,284.65
126322,292.34,288.03,285.71,285.34,284.96,285.03,284.84,284.65
126459,292.34,288.03,285.71,285.34,285.03,285.03,284.84,284.71
126597,292.27,288.03,285.78,285.34,285.03,285.03,284.9,284.71
126735,292.27,288.03,285.78,285.34,284.96,285.03,284.84,284.71
126872,292.27,288.03,285.78,285.34,284.96,285.03,284.84,284.71
127009,292.27,288.03,285.78,285.34,284.96,285.03,284.9,284.71
127147,292.27,288.03,285.71,285.34,284.96,285.03,284.9,284.71
127284,292.27,288.03,285.71,285.34,284.96,285.03,284.84,284.71
127422,292.27,288.03,285.71,285.34,284.96,285.03,284.84,284.65
127559,292.21,288.03,285.71,285.34,285.03,285.03,284.84,284.65
127696,292.21,288.03,285.71,285.34,284.96,285.03,284.84,284.71
127834,292.21,288.03,285.78,285.34,284.96,285.03,284.84,284.71
127971,292.21,288.03,285.78,285.34,284.96,285.03,284.84,284.71
128108,292.21,287.96,285.71,285.34,284.96,285.09,284.84,284.65
128246,292.21,287.96,285.71,285.34,284.96,285.09,284.84,284.65
128384,292.21,288.03,285.71,285.34,284.96,285.03,284.84,284.71
128521,292.21,288.03,285.71,285.34,285.03,285.03,284.84,284.71
128658,292.15,287.96,285.78,285.34,285.03,284.96,284.84,284.71
128795,292.15,287.96,285.78,285.4,284.96,284.96,284.84,284.71
128933,292.15,288.03,285.71,285.4,284.96,285.03,284.84,284.71
129071,292.21,288.03,285.71,285.4,284.96,285.03,284.84,284.71
129208,292.21,288.03,285.71,285.4,284.96,285.03,284.84,284.65
129345,292.15,288.03,285.71,285.34,285.03,285.03,284.84,284.65
129482,292.15,288.03,285.71,285.34,285.03,285.03,284.84,284.65
129619,292.15,288.03,285.71,285.4,285.03,284.96,284.84,284.65
129758,292.15,288.03,285.71,285.4,285.03,284.96,284.84,284.71
129895,292.09,288.03,285.71,285.34,284.96,284.96,284.78,284.65
130032,292.09,288.03,285.71,285.34,284.96,284.96,284.78,284.65
130169,292.09,287.96,285.78,285.34,284.9,284.96,284.84,284.71
130307,292.09,287.96,285.78,285.34,284.96,284.96,284.84,284.71
130445,292.09,288.03,285.71,285.34,284.96,284.96,284.84,284.65
130582,292.02,287.96,285.71,285.34,284.96,284.96,284.84,284.65
130719,292.02,287.96,285.71,285.34,284.96,285.03,284.84,284.71
130856,292.09,288.03,285.78,285.34,285.03,285.03,284.84,284.71
130994,292.09,288.03,285.78,285.34,285.03,285.03,284.84,284.65
131131,292.09,287.96,285.78,285.34,284.96,285.03,284.84,284.65
131269,292.09,287.96,285.78,285.4,284.96,285.03,284.84,284.65
131406,292.02,287.96,285.78,285.4,285.03,285.03,284.84,284.71
131544,292.02,287.96,285.78,285.34,285.03,284.96,284.84,284.71
131681,291.96,288.03,285.78,285.34,285.03,284.96,284.84,284.65
131818,291.96,287.96,285.78,285.34,285.03,284.96,284.84,284.65
131956,291.96,287.96,285.78,285.4,285.03,285.03,284.84,284.65
132093,291.96,287.96,285.78,285.4,285.03,285.03,284.84,284.65
132231,291.96,287.96,285.78,285.34,284.96,284.96,284.84,284.65
132368,291.96,288.03,285.78,285.34,284.96,284.96,284.84,284.65
132505,291.96,288.03,285.78,285.4,284.96,284.96,284.84,284.71
132643,291.96,287.96,285.78,285.4,284.96,284.96,284.84,284.71
132781,291.96,287.96,285.78,285.34,284.96,284.96,284.84,284.65
132918,291.9,287.96,285.71,285.34,284.96,284.96,284.84,284.65
133055,291.9,287.96,285.71,285.4,284.96,285.03,284.84,284.65
133192,291.9,287.96,285.71,285.4,285.03,285.03,284.84,284.65
133330,291.9,287.96,285.78,285.4,285.03,285.03,284.84,284.65
133468,291.9,287.96,285.78,285.4,285.03,285.03,284.84,284.71
133605,291.96,288.03,285.78,285.4,285.03,285.03,284.84,284.71
133742,291.96,288.03,285.78,285.4,285.03,285.03,284.9,284.71
133879,291.9,287.96,285.78,285.4,285.03,285.09,284.9,284.71
134017,291.9,287.96,285.78,285.4,285.03,285.03,284.84,284.71
134155,291.9,287.96,285.84,285.4,285.03,285.03,284.84,284.71
134292,291.9,287.96,285.84,285.4,285.03,285.03,284.84,284.71
134429,291.9,287.96,285.84,285.4,285.03,285.03,284.84,284.71
134566,291.9,287.96,285.78,285.4,285.03,285.03,284.9,284.71
134704,291.84,287.96,285.78,285.4,285.03,285.03,284.9,284.71
134842,291.9,287.96,285.78,285.4,284.96,285.03,284.84,284.71
134979,291.9,287.96,285.78,285.4,284.96,285.03,284.84,284.71
135116,291.77,287.96,285.78,285.4,285.03,285.03,284.84,284.71
135254,291.77,287.96,285.78,285.4,285.03,285.03,284.84,284.71
135391,291.77,287.96,285.78,285.4,285.03,285.03,284.84,284.71
135529,291.77,287.96,285.78,285.4,285.03,285.03,284.84,284.65
135666,291.84,287.96,285.78,285.4,285.03,285.03,284.9,284.65
135803,291.84,287.96,285.78,285.4,285.03,285.03,284.84,284.71
135941,291.71,287.96,285.71,285.4,285.03,285.03,284.84,284.71
136078,291.71,287.96,285.71,285.4,285.03,285.03,284.84,284.71
136216,291.71,287.96,285.71,285.4,285.03,285.03,284.84,284.71
136353,291.71,287.9,285.71,285.4,285.03,285.03,284.84,284.71
136491,291.71,287.9,285.71,285.4,285.03,285.03,284.84,284.71
136628,291.65,287.96,285.71,285.4,284.96,285.03,284.84,284.65
136765,291.65,287.96,285.71,285.4,284.96,285.03,284.84,284.71
136902,291.65,287.96,285.71,285.4,284.96,285.03,284.84,284.71
137040,291.65,287.9,285.71,285.4,284.96,285.03,284.84,284.65
137178,291.59,287.9,285.71,285.4,284.96,284.96,284.84,284.65
137315,291.59,287.96,285.71,285.4,284.96,284.96,284.84,284.71
137452,291.59,287.96,285.71,285.4,284.96,285.03,284.84,284.71
137589,291.59,287.9,285.71,285.4,284.96,285.03,284.84,284.65
137728,291.59,287.9,285.71,285.34,285.03,284.96,284.84,284.65
137865,291.52,287.9,285.71,285.34,284.96,284.96,284.84,284.71
138002,291.52,287.9,285.71,285.4,284.96,284.96,284.9,284.71
138139,291.46,287.9,285.71,285.4,284.96,284.96,284.84,284.65
138276,291.46,287.9,285.71,285.4,284.96,285.03,284.84,284.65
138415,291.46,287.9,285.71,285.4,284.96,285.03,284.84,284.65
138552,291.46,287.84,285.71,285.4,284.96,285.03,284.84,284.71
138689,291.46,287.84,285.71,285.4,285.03,285.03,284.9,284.71
138826,291.46,287.9,285.65,285.4,285.03,285.03,284.9,284.65
138963,291.34,287.9,285.65,285.4,285.03,285.03,284.84,284.65
139102,291.34,287.84,285.71,285.4,285.03,285.03,284.84,284.65
139239,291.34,287.84,285.71,285.4,284.96,284.96,284.84,284.65
139376,291.21,287.84,285.65,285.34,284.96,284.96,284.84,284.65
139513,291.21,287.78,285.65,285.34,284.96,284.96,284.84,284.65
139651,291.21,287.78,285.65,285.34,284.96,284.96,284.84,284.71
139788,291.21,287.78,285.65,285.34,285.03,284.96,284.84,284.71
139926,291.15,287.78,285.65,285.34,285.03,284.96,284.84,284.65
140063,291.15,287.78,285.65,285.4,285.03,285.03,284.84,284.65
140200,291.15,287.78,285.65,285.4,285.03,285.03,284.84,284.65
140338,291.15,287.78,285.65,285.34,285.03,284.96,284.84,284.65
140475,291.15,287.78,285.65,285.34,284.96,284.96,284.84,284.65
140613,291.15,287.71,285.65,285.34,284.96,284.96,284.84,284.65
140750,291.09,287.78,285.65,285.34,284.96,284.96,284.84,284.65
140888,291.09,287.78,285.65,285.4,284.96,284.96,284.84,284.65
141025,291.09,287.71,285.65,285.4,284.96,284.96,284.84,284.65
141162,291.09,287.71,285.65,285.34,284.96,284.96,284.84,284.65
141300,291.09,287.71,285.65,285.34,285.03,284.96,284.84,284.65
141437,291.02,287.71,285.65,285.34,285.03,284.96,284.84,284.65
141575,291.02,287.71,285.65,285.34,284.96,284.96,284.84,284.65
141712,291.02,287.71,285.65,285.4,284.96,284.96,284.84,284.65
141849,291.02,287.71,285.59,285.4,285.03,285.03,284.9,284.65
141986,290.9,287.65,285.59,285.34,285.03,285.03,284.9,284.65
142125,290.9,287.65,285.59,285.34,284.96,284.96,284.84,284.71
142262,290.84,287.65,285.59,285.4,284.96,284.96,284.84,284.71
142399,290.84,287.65,285.59,285.4,285.03,284.96,284.84,284.59
142536,290.84,287.65,285.59,285.34,285.03,284.96,284.84,284.59
142673,290.84,287.65,285.59,285.34,284.96,284.96,284.84,284.65
142812,290.84,287.65,285.59,285.34,284.96,284.96,284.78,284.65
142949,290.84,287.65,285.59,285.34,284.96,284.9,284.78,284.71
143086,290.84,287.71,285.65,285.34,284.96,284.9,284.84,284.71
143223,290.71,287.71,285.65,285.34,284.96,284.96,284.84,284.65
143361,290.71,287.59,285.59,285.4,284.96,284.96,284.84,284.65
143499,290.71,287.59,285.59,285.4,284.96,284.96,284.84,284.65
143636,290.71,287.59,285.59,285.34,285.03,284.96,284.84,284.65
143773,290.65,287.59,285.59,285.34,285.03,284.96,284.84,284.65
143910,290.65,287.59,285.59,285.34,284.96,284.96,284.84,284.65
144048,290.65,287.53,285.59,285.34,284.96,284.96,284.84,284.65
144185,290.59,287.53,285.59,285.34,284.96,284.96,284.78,284.65
144323,290.59,287.59,285.59,285.34,284.96,284.96,284.78,284.65
144460,290.59,287.59,285.59,285.34,284.96,284.9,284.78,284.65
144598,290.59,287.59,285.59,285.34,284.96,284.9,284.78,284.65
144735,290.59,287.59,285.59,285.34,284.96,284.96,284.84,284.65
144872,290.59,287.59,285.59,285.34,284.96,284.96,284.84,284.65
145010,290.52,287.53,285.59,285.34,284.96,284.96,284.78,284.65
145147,290.52,287.53,285.59,285.34,284.96,284.96,284.78,284.65
145285,290.46,287.53,285.59,285.4,284.96,284.96,284.78,284.65
145422,290.46,287.53,285.59,285.4,284.96,284.96,284.78,284.65
145559,290.46,287.53,285.59,285.34,284.96,284.96,284.78,284.65
145697,290.46,287.53,285.59,285.34,284.96,284.96,284.78,284.65
145835,290.46,287.53,285.59,285.34,284.96,284.96,284.78,284.65
145972,290.46,287.46,285.59,285.34,284.96,284.96,284.84,284.65
146109,290.46,287.46,285.59,285.28,284.96,284.96,284.84,284.65
146246,290.4,287.46,285.59,285.28,284.96,284.96,284.78,284.65
146384,290.4,287.46,285.59,285.4,284.96,284.96,284.78,284.65
146522,290.4,287.53,285.59,285.4,284.96,284.96,284.84,284.65
146659,290.4,287.53,285.59,285.28,284.96,284.96,284.84,284.65
146796,290.34,287.46,285.59,285.28,284.96,284.96,284.84,284.65
146933,290.34,287.46,285.59,285.34,284.96,284.96,284.84,284.65
147072,290.34,287.46,285.53,285.34,284.96,284.96,284.84,284.65
147209,290.27,287.46,285.53,285.34,284.96,284.96,284.84,284.65
147346,290.27,287.46,285.59,285.34,284.96,284.96,284.78,284.65
147483,290.21,287.4,285.59,285.34,284.96,284.96,284.78,284.65
147620,290.21,287.4,285.59,285.34,284.96,284.96,284.78,284.65
147758,290.21,287.46,285.59,285.34,284.96,284.96,284.78,284.65
147896,290.21,287.46,285.53,285.34,284.96,284.96,284.78,284.65
148033,290.21,287.46,285.53,285.28,284.96,284.96,284.78,284.65
148170,290.21,287.46,285.53,285.28,284.96,284.96,284.78,284.65
148307,290.15,287.46,285.53,285.28,284.96,284.96,284.78,284.65
148445,290.15,287.4,285.53,285.34,284.96,284.96,284.78,284.71
148583,290.15,287.4,285.65,285.34,284.9,284.96,284.84,284.71
148720,290.21,287.4,285.65,285.34,284.9,284.96,284.84,284.65
148857,290.21,287.4,285.59,285.34,284.9,284.96,284.78,284.65
148995,290.15,287.4,285.59,285.34,284.9,284.96,284.78,284.65
149132,290.15,287.4,285.59,285.34,284.96,285.03,284.78,284.65
149270,290.09,287.4,285.59,285.28,284.96,285.03,284.78,284.71
149407,290.09,287.4,285.53,285.28,284.9,284.96,284.84,284.71
149544,290.09,287.4,285.53,285.34,284.9,284.96,284.84,284.65
149682,290.09,287.4,285.59,285.34,284.96,284.96,284.78,284.65
149819,290.09,287.4,285.59,285.34,284.96,284.96,284.84,284.65
149957,290.09,287.4,285.59,285.34,284.96,284.96,284.84,284.65
150094,290.09,287.4,285.59,285.34,284.96,284.96,284.78,284.65
150232,290.02,287.4,285.59,285.34,284.9,284.96,284.78,284.59
150369,290.02,287.4,285.59,285.28,284.9,284.96,284.84,284.59
150506,290.02,287.4,285.59,285.28,284.9,284.96,284.84,284.65
150644,290.02,287.4,285.59,285.28,284.9,284.96,284.78,284.65
150781,290.02,287.4,285.59,285.28,284.9,284.96,284.78,284.65
150919,290.02,287.4,285.59,285.28,284.9,284.96,284.78,284.65
151056,289.96,287.34,285.59,285.28,284.9,284.96,284.78,284.65
151193,289.96,287.34,285.59,285.28,284.96,284.96,284.84,284.65
151330,289.96,287.34,285.59,285.28,284.96,284.96,284.84,284.71
151469,289.96,287.34,285.59,285.34,284.96,284.9,284.78,284.71
151606,289.96,287.34,285.59,285.34,284.96,284.9,284.78,284.65
151743,289.9,287.34,285.59,285.34,284.96,284.96,284.78,284.65
151880,289.9,287.34,285.59,285.34,284.96,284.96,284.78,284.65
152017,289.9,287.34,285.59,285.34,284.96,284.96,284.84,284.65
152156,289.9,287.34,285.59,285.34,284.96,284.96,284.78,284.65
152293,289.9,287.34,285.59,285.34,284.9,284.96,284.78,284.65
152430,289.9,287.28,285.59,285.34,284.9,284.96,284.78,284.65
152567,289.84,287.28,285.59,285.28,284.96,284.96,284.78,284.59
152705,289.84,287.34,285.59,285.28,284.96,284.96,284.78,284.59
152843,289.9,287.34,285.59,285.28,284.96,284.96,284.78,284.65
152980,289.9,287.34,285.59,285.28,284.96,284.96,284.84,284.65
153117,289.84,287.34,285.59,285.34,284.96,284.96,284.84,284.65
153254,289.84,287.28,285.59,285.34,284.96,284.96,284.84,284.65
153392,289.84,287.28,285.59,285.28,284.9,284.96,284.84,284.71
153530,289.77,287.28,285.59,285.28,284.96,284.96,284.84,284.71
153667,289.77,287.28,285.59,285.34,284.96,284.96,284.84,284.65
153804,289.77,287.28,285.59,285.34,284.96,284.96,284.84,284.65
153942,289.77,287.28,285.59,285.34,284.96,284.96,284.84,284.65
154079,289.77,287.28,285.59,285.34,284.96,284.96,284.78,284.71
154217,289.77,287.21,285.59,285.28,284.96,284.96,284.78,284.71
154354,289.77,287.21,285.59,285.28,285.03,284.96,284.84,284.65
154491,289.77,287.28,285.59,285.28,285.03,284.96,284.84,284.65
154629,289.84,287.28,285.59,285.28,284.96,284.96,284.84,284.65
154766,289.84,287.28,285.59,285.34,284.96,284.96,284.78,284.65
154904,289.84,287.28,285.59,285.34,284.96,284.96,284.78,284.65
155041,289.84,287.28,285.59,285.34,284.96,284.96,284.84,284.65
155179,289.84,287.28,285.59,285.34,284.96,284.96,284.84,284.65
155316,289.84,287.28,285.65,285.34,284.96,284.96,284.84,284.65
155453,289.84,287.28,285.65,285.34,284.96,284.96,284.84,284.71
155591,289.84,287.28,285.59,285.4,284.96,284.96,284.78,284.65
155728,289.84,287.28,285.59,285.4,284.96,284.96,284.78,284.65
155866,289.77,287.28,285.59,285.34,284.96,284.9,284.78,284.65
156003,289.77,287.28,285.59,285.34,284.96,284.9,284.78,284.65
156140,289.77,287.28,285.65,285.34,284.96,284.96,284.78,284.71
156278,289.77,287.28,285.65,285.34,284.96,284.96,284.78,284.71
156416,289.77,287.28,285.59,285.34,284.96,284.96,284.78,284.65
156553,289.77,287.28,285.59,285.34,284.96,284.96,284.78,284.65
156690,289.77,287.28,285.65,285.34,284.96,285.03,284.84,284.65
156827,289.71,287.28,285.59,285.34,284.96,285.03,284.84,284.65
156965,289.71,287.21,285.59,285.34,284.9,284.9,284.78,284.71
157103,289.71,287.21,285.65,285.34,284.9,284.9,284.78,284.71
157240,289.71,287.21,285.65,285.28,284.9,284.96,284.78,284.65
157377,289.65,287.21,285.59,285.28,284.9,284.96,284.78,284.59
157514,289.65,287.21,285.59,285.34,284.9,284.9,284.78,284.59
157652,289.71,287.21,285.59,285.34,284.9,284.9,284.84,284.59
157790,289.65,287.21,285.59,285.28,284.96,284.96,284.84,284.59
157927,289.65,287.21,285.59,285.28,284.96,284.96,284.78,284.59
158064,289.65,287.21,285.59,285.28,284.9,284.96,284.78,284.59
158201,289.65,287.21,285.59,285.28,284.9,284.96,284.78,284.65
158340,289.65,287.21,285.53,285.28,284.96,284.96,284.78,284.65
158477,289.65,287.21,285.53,285.34,284.96,284.9,284.78,284.65
158614,289.65,287.21,285.59,285.34,284.9,284.9,284.78,284.65
158751,289.65,287.21,285.59,285.28,284.9,284.96,284.84,284.65
158888,289.59,287.21,285.59,285.28,284.9,284.96,284.84,284.65
159026,289.59,287.21,285.59,285.34,284.96,284.96,284.78,284.65
159164,289.59,287.15,285.59,285.34,284.96,284.96,284.78,284.65
159301,289.59,287.15,285.59,285.28,284.96,284.96,284.78,284.65
159438,289.59,287.21,285.59,285.28,284.96,284.96,284.78,284.65
159576,289.59,287.21,285.59,285.28,284.96,284.96,284.78,284.65
159713,289.59,287.15,285.59,285.28,284.96,284.96,284.78,284.65
159851,289.59,287.15,285.59,285.28,284.96,284.96,284.78,284.65
159988,289.59,287.21,285.59,285.28,284.96,284.96,284.84,284.71
160125,289.59,287.21,285.59,285.34,284.9,284.96,284.84,284.71
160263,289.59,287.21,285.59,285.34,284.9,284.96,284.78,284.65
160400,289.59,287.15,285.59,285.28,284.9,284.96,284.78,284.65
160538,289.59,287.15,285.59,285.28,284.9,284.96,284.78,284.65
160675,289.52,287.15,285.65,285.34,284.96,284.96,284.78,284.65
160813,289.52,287.15,285.65,285.34,284.96,284.96,284.78,284.65
160950,289.52,287.15,285.59,285.28,284.96,284.96,284.78,284.65
161087,289.52,287.15,285.59,285.28,284.96,284.96,284.78,284.65
161224,289.52,287.15,285.59,285.28,284.96,284.96,284.78,284.65
161362,289.46,287.15,285.59,285.28,284.96,284.96,284.84,284.65
161500,289.46,287.15,285.59,285.28,284.96,284.96,284.84,284.65
161637,289.46,287.21,285.59,285.28,284.96,284.96,284.78,284.65
161774,289.46,287.21,285.59,285.34,284.96,284.96,284.78,284.59
161911,289.46,287.15,285.59,285.34,284.96,284.9,284.78,284.59
162050,289.46,287.15,285.59,285.34,284.96,284.9,284.78,284.65
162187,289.46,287.15,285.59,285.34,284.9,284.96,284.78,284.65
162324,289.46,287.15,285.59,285.28,284.9,284.96,284.78,284.65
162461,289.46,287.15,285.59,285.28,284.9,284.96,284.78,284.59
162598,289.46,287.15,285.59,285.28,284.9,284.96,284.78,284.59
162737,289.46,287.15,285.59,285.28,284.9,284.96,284.78,284.65
162874,289.4,287.09,285.59,285.34,284.9,284.96,284.78,284.65
163011,289.4,287.09,285.59,285.34,284.96,284.96,284.78,284.65
163148,289.4,287.15,285.59,285.28,284.96,284.96,284.78,284.65
163286,289.4,287.15,285.59,285.28,284.9,284.96,284.78,284.65
163424,289.4,287.09,285.65,285.28,284.9,284.96,284.78,284.65
163561,289.4,287.09,285.65,285.28,284.9,284.96,284.78,284.65
163698,289.34,287.15,285.59,285.28,284.9,284.9,284.78,284.65
163835,289.34,287.15,285.59,285.28,284.96,284.9,284.78,284.59
163973,289.34,287.15,285.59,285.34,284.9,284.96,284.78,284.59
164110,289.34,287.09,285.59,285.34,284.9,284.96,284.78,284.59
164248,289.34,287.09,285.59,285.28,284.9,284.9,284.78,284.59
164385,289.34,287.09,285.53,285.28,284.9,284.9,284.78,284.59
164523,289.34,287.09,285.53,285.28,284.9,284.9,284.78,284.71
164660,289.34,287.15,285.59,285.28,284.9,284.9,284.78,284.71
164797,289.34,287.15,285.59,285.34,284.9,284.9,284.78,284.59
164935,289.34,287.15,285.59,285.34,284.9,284.9,284.78,284.59
165072,289.34,287.15,285.59,285.34,284.9,284.9,284.78,284.59
165210,289.27,287.09,285.59,285.34,284.9,284.96,284.78,284.59
165347,289.27,287.09,285.59,285.28,284.96,284.96,284.78,284.65
165484,289.27,287.09,285.59,285.28,284.96,284.96,284.78,284.65
165622,289.27,287.15,285.59,285.28,284.9,284.96,284.78,284.59
165760,289.27,287.15,285.59,285.28,284.9,284.96,284.78,284.65
165897,289.27,287.09,285.59,285.34,284.96,284.96,284.78,284.65
166034,289.27,287.09,285.59,285.34,284.96,284.9,284.78,284.65
166171,289.27,287.09,285.59,285.28,284.96,284.9,284.78,284.65
166309,289.27,287.09,285.59,285.34,284.96,284.96,284.78,284.59
166447,289.27,287.09,285.59,285.34,284.96,284.96,284.84,284.59
166584,289.27,287.09,285.59,285.34,284.96,284.96,284.84,284.65
166721,289.27,287.09,285.59,285.34,284.96,284.96,284.78,284.65
166858,289.27,287.09,285.59,285.28,284.96,284.9,284.78,284.65
166996,289.27,287.09,285.59,285.28,284.96,284.9,284.78,284.65
167134,289.21,287.09,285.65,285.34,284.96,284.96,284.78,284.59
167271,289.21,287.09,285.65,285.34,284.96,284.96,284.78,284.59
167408,289.21,287.03,285.59,285.28,284.96,284.96,284.78,284.65
167545,289.21,287.03,285.59,285.28,284.96,284.9,284.78,284.65
167683,289.21,287.09,285.59,285.28,284.9,284.9,284.78,284.65
167821,289.21,287.09,285.59,285.28,284.9,284.9,284.78,284.59
167958,289.21,287.09,285.59,285.34,284.96,284.9,284.78,284.59
168095,289.21,287.03,285.65,285.34,284.96,284.96,284.84,284.59
168232,289.21,287.03,285.65,285.28,284.96,284.96,284.84,284.59
168370,289.15,287.03,285.59,285.28,284.96,284.96,284.78,284.65
168508,289.15,287.03,285.59,285.28,284.96,284.96,284.78,284.65
168645,289.15,287.09,285.59,285.28,284.96,284.96,284.78,284.59
168782,289.15,287.09,285.59,285.28,284.96,284.96,284.78,284.59
168920,289.15,287.09,285.59,285.28,284.96,284.96,284.78,284.59
169057,289.15,287.03,285.59,285.28,284.96,284.96,284.78,284.59
169195,289.09,287.03,285.59,285.28,284.9,284.96,284.78,284.65
169332,289.09,287.03,285.59,285.34,284.9,284.96,284.78,284.59
169469,289.09,287.03,285.59,285.34,284.9,284.9,284.78,284.59
169607,289.09,287.09,285.65,285.34,284.9,284.96,284.78,284.59
169744,289.09,287.09,285.65,285.34,284.96,284.96,284.78,284.59
169881,289.09,287.03,285.59,285.28,284.96,284.96,284.78,284.59
170019,289.09,287.03,285.59,285.28,284.96,284.96,284.78,284.59
170157,289.09,287.03,285.59,285.28,284.96,284.96,284.78,284.59
170294,289.09,287.03,285.59,285.28,284.9,284.96,284.78,284.59
170431,289.09,287.03,285.53,285.34,284.9,284.96,284.78,284.65
170568,289.09,287.03,285.59,285.34,284.9,284.96,284.78,284.65
170706,289.03,287.03,285.59,285.34,284.9,284.96,284.71,284.59
170844,289.03,287.03,285.59,285.34,284.96,284.96,284.71,284.59
170981,289.03,287.03,285.59,285.28,284.96,284.9,284.71,284.59
171118,289.03,287.03,285.59,285.28,284.96,284.9,284.78,284.59
171255,289.03,287.03,285.59,285.28,284.96,284.96,284.78,284.59
171394,288.96,287.03,285.59,285.28,284.9,284.96,284.78,284.59
171531,288.96,287.03,285.59,285.28,284.9,284.9,284.78,284.59
171668,288.96,287.03,285.59,285.28,284.9,284.96,284.71,284.59
171805,288.96,287.03,285.59,285.28,284.96,284.96,284.71,284.59
171942,289.03,287.03,285.59,285.28,284.96,284.9,284.71,284.59
172080,289.03,287.03,285.59,285.34,284.9,284.9,284.71,284.59
172218,288.96,287.03,285.59,285.34,284.9,284.96,284.71,284.59
172355,288.96,287.03,285.65,285.28,284.9,284.96,284.71,284.59
172492,289.03,287.03,285.65,285.28,284.9,284.96,284.78,284.59
172630,289.03,287.03,285.53,285.34,284.96,284.96,284.78,284.65
172767,288.96,287.03,285.53,285.34,284.96,284.9,284.78,284.65
172905,289.03,287.03,285.59,285.28,284.96,284.9,284.78,284.59
173042,289.03,286.96,285.59,285.28,284.96,284.96,284.71,284.59
173179,288.96,286.96,285.59,285.28,284.96,284.96,284.78,284.65
173317,288.96,287.03,285.59,285.28,284.96,284.96,284.78,284.65
173454,288.96,287.03,285.59,285.28,284.96,284.96,284.78,284.59
173592,288.96,287.03,285.59,285.28,284.96,284.96,284.78,284.59
173729,288.96,287.03,285.59,285.28,284.9,284.96,284.78,284.59
173867,288.96,286.96,285.59,285.34,284.9,284.9,284.78,284.59
174004,288.96,286.96,285.59,285.34,284.9,284.9,284.78,284.59
174141,288.96,287.03,285.59,285.34,284.9,284.9,284.78,284.59
174278,288.9,287.03,285.59,285.34,284.9,284.9,284.78,284.59
174416,288.9,287.03,285.59,285.28,284.96,284.9,284.78,284.59
174554,288.9,286.96,285.59,285.28,284.96,284.96,284.78,284.59
174691,288.9,286.96,285.59,285.28,284.9,284.96,284.78,284.59
174828,288.9,287.03,285.59,285.28,284.9,284.9,284.78,284.59
174965,288.9,287.03,285.59,285.28,284.9,284.9,284.78,284.65
175104,288.9,287.03,285.59,285.28,284.9,284.9,284.78,284.65
175241,288.9,287.03,285.59,285.34,284.96,284.9,284.78,284.59
175378,288.9,286.96,285.59,285.34,284.96,284.9,284.78,284.59
175515,288.9,286.96,285.59,285.28,284.9,284.9,284.78,284.59
175652,288.9,286.96,285.59,285.28,284.9,284.96,284.78,284.59
175791,288.9,287.03,285.59,285.28,284.9,284.96,284.78,284.59
175928,288.9,287.03,285.53,285.28,284.9,284.9,284.78,284.59
176065,288.9,286.96,285.59,285.34,284.9,284.9,284.78,284.59
176202,288.84,286.96,285.59,285.34,284.9,284.9,284.78,284.59
176339,288.84,287.03,285.59,285.28,284.9,284.96,284.78,284.59
176478,288.84,287.03,285.59,285.28,284.96,284.96,284.78,284.59
176615,288.84,287.03,285.53,285.28,284.96,284.96,284.78,284.59
176752,288.84,286.96,285.53,285.28,284.96,284.96,284.78,284.59
176889,288.84,286.96,285.59,285.34,284.96,284.9,284.78,284.59
177027,288.84,286.96,285.59,285.34,284.96,284.9,284.78,284.59
177164,288.84,286.96,285.59,285.28,284.96,284.96,284.78,284.59
177302,288.84,286.96,285.59,285.28,284.9,284.96,284.78,284.59
177439,288.84,286.96,285.59,285.28,284.9,284.9,284.78,284.59
177576,288.84,286.96,285.59,285.28,284.96,284.9,284.78,284.59
177714,288.78,286.96,285.59,285.28,284.96,284.9,284.78,284.59
177851,288.78,287.03,285.59,285.28,284.96,284.9,284.78,284.59
177989,288.78,286.96,285.59,285.34,284.96,284.9,284.78,284.59
178126,288.78,286.96,285.59,285.34,284.9,284.9,284.78,284.59
178264,288.78,286.96,285.59,285.28,284.9,284.96,284.78,284.59
178401,288.78,286.96,285.59,285.28,284.9,284.9,284.78,284.59
178538,288.84,286.96,285.59,285.28,284.9,284.9,284.78,284.59
178676,288.78,286.96,285.59,285.28,284.96,284.96,284.78,284.59
178813,288.78,286.96,285.59,285.28,284.96,284.96,284.78,284.59
178951,288.78,286.96,285.59,285.28,284.96,284.9,284.78,284.59
179088,288.78,286.96,285.59,285.28,284.9,284.9,284.78,284.59
179225,288.78,286.96,285.59,285.28,284.9,284.9,284.78,284.59
179363,288.78,286.96,285.59,285.28,284.96,284.9,284.78,284.59
179501,288.71,286.96,285.59,285.28,284.96,284.9,284.78,284.59
179638,288.71,286.96,285.59,285.34,284.96,284.9,284.78,284.59
179775,288.71,286.96,285.59,285.34,284.96,284.96,284.78,284.65
179912,288.71,286.96,285.59,285.34,284.96,284.96,284.78,284.65
180050,288.78,286.96,285.53,285.34,284.96,284.96,284.78,284.59
180188,288.71,286.96,285.53,285.34,284.9,284.96,284.78,284.59
180325,288.71,286.96,285.59,285.34,284.9,284.9,284.78,284.59
180462,288.71,286.96,285.59,285.28,284.9,284.9,284.78,284.59
180599,288.71,286.96,285.59,285.28,284.9,284.9,284.78,284.59
180738,288.71,286.96,285.59,285.28,284.9,284.9,284.78,284.59
180875,288.71,286.96,285.53,285.34,284.9,284.9,284.78,284.59
181012,288.71,286.9,285.53,285.34,284.96,284.96,284.78,284.59
181149,288.71,286.9,285.53,285.28,284.96,284.96,284.78,284.59
181286,288.71,286.96,285.59,285.28,284.9,284.9,284.78,284.59
181425,288.71,286.96,285.59,285.28,284.9,284.9,284.78,284.59
181562,288.65,286.96,285.65,285.28,284.9,284.9,284.78,284.59
181699,288.65,286.96,285.65,285.34,284.96,284.9,284.78,284.59
181836,288.65,286.96,285.59,285.34,284.96,284.9,284.78,284.59
181974,288.71,286.96,285.59,285.34,284.96,284.9,284.78,284.59
182111,288.71,286.96,285.59,285.34,284.96,284.9,284.78,284.59
182249,288.65,286.96,285.59,285.28,284.96,284.9,284.78,284.65
182386,288.65,286.96,285.59,285.28,284.96,284.9,284.78,284.65
182523,288.71,286.9,285.59,285.28,284.96,284.9,284.78,284.65
182661,288.71,286.9,285.59,285.28,284.96,284.96,284.78,284.65
182798,288.65,286.96,285.53,285.34,284.96,284.96,284.71,284.65
182936,288.65,286.9,285.53,285.34,284.96,284.9,284.71,284.65
183073,288.65,286.9,285.53,285.28,284.96,284.9,284.78,284.59
183211,288.65,286.9,285.53,285.28,284.96,284.9,284.78,284.59
183348,288.65,286.9,285.59,285.34,284.9,284.9,284.78,284.65
183485,288.65,286.9,285.59,285.34,284.9,284.9,284.78,284.65
183623,288.65,286.9,285.59,285.34,284.9,284.96,284.78,284.59
183760,288.59,286.9,285.59,285.34,284.9,284.96,284.78,284.59
183898,288.59,286.9,285.59,285.28,284.96,284.9,284.78,284.59
184035,288.59,286.9,285.59,285.28,284.96,284.9,284.78,284.59
184172,288.59,286.9,285.59,285.34,284.96,284.9,284.78,284.59
184310,288.59,286.9,285.53,285.34,284.9,284.9,284.78,284.59
184448,288.59,286.9,285.53,285.34,284.9,284.96,284.78,284.59
184585,288.59,286.9,285.59,285.34,284.96,284.96,284.71,284.65
184722,288.59,286.9,285.59,285.28,284.96,284.9,284.71,284.65
184859,288.59,286.9,285.59,285.28,284.96,284.9,284.78,284.59
184996,288.53,286.84,285.59,285.28,284.96,284.9,284.78,284.59
185135,288.53,286.84,285.53,285.28,284.9,284.9,284.71,284.59
185272,288.59,286.84,285.53,285.28,284.9,284.9,284.71,284.59
185409,288.59,286.84,285.53,285.28,284.96,284.96,284.78,284.59
185546,288.53,286.84,285.53,285.34,284.96,284.96,284.78,284.59
185683,288.53,286.84,285.53,285.34,284.96,284.9,284.71,284.59
185822,288.53,286.84,285.53,285.28,284.96,284.9,284.71,284.65
185959,288.53,286.84,285.53,285.28,284.9,284.9,284.71,284.65
186096,288.53,286.84,285.53,285.28,284.9,284.9,284.71,284.65
186233,288.53,286.84,285.53,285.28,284.9,284.9,284.71,284.65
186371,288.53,286.84,285.59,285.34,284.96,284.9,284.71,284.65
186509,288.53,286.84,285.59,285.34,284.96,284.9,284.71,284.65
186646,288.53,286.84,285.53,285.28,284.9,284.9,284.71,284.65
186783,288.46,286.84,285.59,285.28,284.9,284.9,284.71,284.65
186920,288.46,286.84,285.59,285.34,284.96,284.9,284.78,284.59
187058,288.46,286.84,285.59,285.34,284.96,284.9,284.78,284.59
187196,288.46,286.84,285.59,285.28,284.96,284.9,284.78,284.65
187333,288.46,286.84,285.53,285.28,284.96,284.9,284.78,284.59
187470,288.46,286.84,285.53,285.28,284.9,284.96,284.71,284.59
187608,288.46,286.84,285.53,285.28,284.9,284.96,284.71,284.65
187745,288.46,286.84,285.53,285.34,284.96,284.9,284.78,284.65
187882,288.46,286.84,285.59,285.34,284.96,284.9,284.78,284.65
188020,288.4,286.84,285.59,285.28,284.9,284.9,284.78,284.65
188157,288.4,286.84,285.59,285.28,284.9,284.9,284.78,284.65
188295,288.4,286.84,285.59,285.28,284.9,284.96,284.78,284.65
188432,288.4,286.84,285.59,285.28,284.9,284.96,284.78,284.65
188569,288.4,286.84,285.53,285.28,284.96,284.96,284.78,284.65
188707,288.4,286.84,285.53,285.34,284.96,284.96,284.78,284.65
188845,288.4,286.84,285.59,285.34,284.9,284.96,284.78,284.65
188982,288.4,286.9,285.59,285.28,284.9,284.96,284.78,284.65
189119,288.4,286.84,285.59,285.28,284.9,284.96,284.78,284.65
189256,288.46,286.84,285.59,285.28,284.9,284.96,284.78,284.65
189394,288.46,286.84,285.53,285.28,284.9,284.96,284.78,284.65
189532,288.4,286.84,285.53,285.28,284.9,284.96,284.71,284.65
189669,288.4,286.78,285.53,285.28,284.9,284.96,284.71,284.65
189806,288.4,286.78,285.59,285.34,284.96,284.96,284.78,284.65
189943,288.4,286.84,285.59,285.34,284.96,284.96,284.78,284.65
190082,288.34,286.84,285.59,285.34,284.96,284.9,284.71,284.65
190219,288.34,286.84,285.59,285.34,284.96,284.9,284.71,284.59
190356,288.34,286.84,285.53,285.34,284.9,284.9,284.71,284.59
190493,288.4,286.84,285.53,285.34,284.9,284.9,284.71,284.65
190630,288.4,286.84,285.59,285.34,284.9,284.96,284.71,284.65
190769,288.4,286.84,285.59,285.34,284.9,284.96,284.71,284.65
190906,288.4,286.84,285.59,285.34,284.96,284.96,284.78,284.59
191043,288.34,286.84,285.59,285.34,284.96,284.96,284.78,284.59
191180,288.34,286.78,285.59,285.34,284.96,284.9,284.71,284.65
191318,288.34,286.78,285.59,285.34,284.96,284.9,284.78,284.65
191455,288.34,286.78,285.59,285.34,284.96,284.96,284.78,284.59
191593,288.34,286.78,285.59,285.34,284.96,284.96,284.71,284.59
191730,288.34,286.84,285.59,285.34,284.96,284.96,284.71,284.65
191867,288.34,286.84,285.53,285.34,284.96,284.96,284.71,284.65
192005,288.28,286.84,285.53,285.34,284.96,284.9,284.71,284.65
192142,288.28,286.78,285.53,285.34,284.96,284.9,284.78,284.65
192280,288.28,286.78,285.53,285.34,284.96,284.9,284.78,284.59
192417,288.28,286.78,285.53,285.34,284.9,284.96,284.71,284.65
192555,288.28,286.78,285.53,285.34,284.9,284.96,284.71,284.65
192692,288.28,286.78,285.53,285.34,284.9,284.9,284.78,284.65
192829,288.34,286.78,285.59,285.34,284.9,284.9,284.78,284.65
192967,288.34,286.78,285.59,285.34,284.96,284.96,284.78,284.65
193104,288.28,286.71,285.53,285.34,284.96,284.96,284.78,284.65
193242,288.28,286.71,285.53,285.34,284.96,284.96,284.78,284.59
193379,288.28,286.78,285.59,285.34,284.96,284.96,284.78,284.59
193516,288.28,286.78,285.53,285.34,284.96,284.9,284.78,284.65
193654,288.28,286.71,285.53,285.34,284.96,284.9,284.71,284.65
193792,288.34,286.71,285.53,285.34,284.9,284.96,284.71,284.65
193929,288.34,286.78,285.53,285.34,284.9,284.96,284.71,284.65
194066,288.21,286.78,285.53,285.34,284.96,284.9,284.71,284.65
194203,288.21,286.78,285.53,285.34,284.9,284.9,284.78,284.65
194341,288.28,286.71,285.59,285.34,284.9,284.9,284.78,284.65
194479,288.28,286.71,285.59,285.28,284.96,284.9,284.71,284.65
