time (s),temp0,temp1,temp2,temp3,temp4,temp5,temp6
0,322.03,304.52,295.96,290.77,288.09,286.65,285.59
1.37,314.2462664,301.0221125,293.8190835,289.6725372,287.4979419,286.2117249,285.6152153
2.75,312.0217484,301.3945057,293.9881691,289.7888789,287.5491997,286.2473338,285.6523265
4.12,309.2706776,301.7521727,294.2341668,289.9434356,287.6211217,286.2988471,285.6499789
5.5,306.6195978,301.8836345,294.4934623,290.101988,287.6993115,286.3482558,285.6250428
6.87,304.3157895,301.7821754,294.7427562,290.2607144,287.7815037,286.3918553,285.5932613
8.24,302.353248,301.5006911,294.9656137,290.4207868,287.8672789,286.4304001,285.5621355
9.62,300.6789005,301.0931291,295.149671,290.5821034,287.9563387,286.4655203,285.5346826
10.99,299.2658415,300.612891,295.285357,290.7398184,288.0465949,286.4981968,285.5123766
12.36,298.0552205,300.0919926,295.3729421,290.8920202,288.1379925,286.5299393,285.4951269
13.74,297.0023546,299.5503612,295.415086,291.0366836,288.2305168,286.5619146,285.4825993
15.11,296.092383,299.0117594,295.4157646,291.1691341,288.3220924,286.5943049,285.4745803
16.48,295.2934793,298.4824275,295.3808461,291.2885598,288.4126125,286.6277349,285.4705463
17.86,294.58209,297.9649261,295.3152499,291.3944711,288.5019228,286.6626554,285.4701095
19.23,293.953572,297.4703976,295.2251247,291.4847499,288.5879564,286.6985941,285.4729084
20.61,293.3866546,296.9935297,295.1138717,291.5606442,288.6712519,286.7359849,285.4786434
21.98,292.8798748,296.5419711,294.9871813,291.6213771,288.7499821,286.7741056,285.4869193
23.35,292.4210565,296.1121815,294.847786,291.6681527,288.8242522,286.8129816,285.4974768
24.73,292.0008395,295.7007836,294.6975002,291.7019554,288.8941491,286.8526217,285.5101378
26.1,291.6199313,295.3129777,294.5409696,291.7231971,288.9583648,286.8921511,285.524452
27.47,291.2706723,294.9447852,294.379174,291.7331216,289.0172313,286.9315538,285.5402485
28.85,290.9470457,294.5927177,294.2125783,291.7326554,289.0710147,286.9708182,285.557409
30.22,290.6505311,294.26084,294.0449864,291.7227604,289.1189091,287.009096,285.5754458
31.6,290.3740342,293.9432653,293.8750981,291.7042208,289.1616526,287.0466871,285.5943913
32.97,290.1192119,293.6435925,293.7062987,291.6781766,289.1987176,287.0828159,285.6137537
34.34,289.8819677,293.3585047,293.5381022,291.6453338,289.2305669,287.1175569,285.6334637
35.72,289.6589902,293.0851607,293.3698925,291.6061399,289.2575434,287.1509721,285.6534759
37.09,289.4519765,292.8266613,293.2045871,291.5618592,289.2794465,287.1824298,285.6733223
38.47,289.2565479,292.5784174,293.0401553,291.5124886,289.2968055,287.2122673,285.6931279
39.84,289.074355,292.3432726,292.8792765,291.4593242,289.3095871,287.2399556,285.7124571
41.21,288.9028991,292.1186861,292.7209773,291.402548,289.318157,287.2656447,285.7313217
42.59,288.7401152,291.9024757,292.5643028,291.342186,289.3227599,287.289447,285.7497343
43.96,288.5875398,291.6971664,292.4116482,291.2795429,289.3235548,287.310983,285.7673236
45.33,288.4432292,291.5005948,292.2619537,291.2145769,289.3208103,287.3304151,285.7841349
46.71,288.305559,291.3108932,292.1142143,291.1471386,289.3146862,287.3478587,285.800204
48.08,288.1759344,291.1303239,291.9706002,291.0785173,289.3054818,287.3630704,285.8152327
49.45,288.052803,290.9570328,291.8300376,291.0085089,289.2933663,287.3762043,285.8292871
50.83,287.9348543,290.7894115,291.6915251,290.9368387,289.2784153,287.3873634,285.8424157
52.2,287.8233639,290.6294982,291.557047,290.8647687,289.2610316,287.3964235,285.854395
53.58,287.7163069,290.4745912,291.4246059,290.7914478,289.2411402,287.4035615,285.8653755
54.95,287.614877,290.3265972,291.2960783,290.718116,289.2191976,287.4087235,285.8751822
56.32,287.517956,290.1840585,291.1704442,290.6444013,289.1952262,287.4120223,285.88389
57.7,287.4245863,290.0456986,291.0467627,290.5699027,289.1691807,287.4135193,285.8915484
59.07,287.3358486,289.9132485,290.926767,290.4958245,289.1415807,287.4132533,285.8980504
60.45,287.2501957,289.7845162,290.8086423,290.4211965,289.1121586,287.4112832,285.9035001
61.82,287.1686397,289.6611284,290.6940363,290.3471981,289.0814669,287.4077013,285.9078321
63.19,287.0903373,289.5419133,290.5820177,290.2733739,289.049416,287.4025635,285.9111073
64.57,287.0145572,289.4258358,290.4717303,290.1992638,289.0158695,287.3958807,285.9133592
65.94,286.9422183,289.314382,290.3647056,290.1260085,288.9814182,287.3878146,285.9145788
67.31,286.872596,289.2065139,290.260069,290.0531284,288.9459211,287.3783864,285.9148123
68.69,286.8050575,289.1013098,290.1570165,289.9801475,288.9092006,287.3675768,285.914079
70.06,286.7404394,289.0001323,290.056976,289.9081683,288.8718754,287.3556055,285.9124192
71.44,286.6776653,288.9013508,289.9584223,289.8361793,288.8334824,287.3423603,285.9098402
72.81,286.6175222,288.8062537,289.8627203,289.7652575,288.794654,287.3280939,285.9064111
74.18,286.5594337,288.7139801,289.7690866,289.6949085,288.7551856,287.3127737,285.9021491
75.56,286.5028911,288.6237596,289.6767993,289.6246498,288.7148493,287.2963345,285.8970472
76.93,286.4486148,288.53678,289.587137,289.5555211,288.6742922,287.2790708,285.8912127
78.31,286.3957187,288.4516576,289.4987327,289.4865311,288.6329813,287.2607859,285.8845942
79.68,286.3448829,288.3695195,289.4128118,289.4186946,288.5915702,287.2417976,285.8773207
81.05,286.295637,288.2896399,289.3286729,289.3515214,288.5498122,287.2220276,285.8693797
82.42,286.2479056,288.2119242,289.2462635,289.2850214,288.5077551,287.2015251,285.8608036
83.8,286.2012849,288.1357382,289.1649498,289.2187244,288.4651339,287.1801804,285.8515551
85.17,286.1563837,288.0621007,289.0858608,289.1535974,288.4226085,287.158349,285.8417998
86.55,286.112483,287.9898553,289.0077936,289.0886937,288.3795981,287.1357567,285.8314264
87.92,286.0701597,287.9199724,288.9318332,289.0249569,288.3367628,287.1127735,285.8206153
89.29,286.0290357,287.8518495,288.8573638,288.9619158,288.2938259,287.0892785,285.8093226
90.67,285.988771,287.7849395,288.7838146,288.8991182,288.2505056,287.0651339,285.7974892
92.04,285.9498995,287.7201465,288.7122098,288.8374736,288.2074598,287.0407272,285.7853143
93.42,285.9118067,287.656462,288.6414633,288.7760806,288.1640888,287.0157383,285.7726474
94.79,285.8750005,287.5947501,288.5725614,288.7158268,288.1210475,286.9905638,285.7596981
96.17,285.8389013,287.5340531,288.5044604,288.6558294,288.0777326,286.9648694,285.7463025
97.54,285.8039928,287.4751973,288.4381109,288.5969544,288.0347949,286.9390587,285.7326791
98.91,285.7699729,287.4176872,288.37298,288.5387606,287.9919419,286.9129765,285.7187553
100.29,285.7365673,287.361069,288.3085717,288.480826,287.9488818,286.8864582,285.7044487
101.66,285.7042266,287.3061172,288.2457869,288.4239854,287.9062576,286.8599152,285.6899882
103.04,285.6724465,287.2519853,288.1836772,288.3674036,287.8634647,286.8329864,285.6751836
104.41,285.6416574,287.1994158,288.1231126,288.311895,287.8211395,286.8060865,285.6602694
105.78,285.6115977,287.1479725,288.0636099,288.2570415,287.7789866,286.7790443,285.645158
107.16,285.5820284,287.0972538,288.004718,288.2024438,287.7367143,286.7516834,285.6297554
108.53,285.5533523,287.0479583,287.9472633,288.1488869,287.6949485,286.7244214,285.6143022
109.91,285.5251257,286.9993313,287.8903804,288.0955826,287.6530916,286.6968807,285.5985897
111.28,285.4977344,286.9520443,287.8348686,288.0432969,287.6117617,286.6694792,285.5828613
112.66,285.4707559,286.9053748,287.7798929,287.9912599,287.570366,286.6418354,285.566903
114.03,285.4445599,286.859969,287.7262263,287.9402191,287.529514,286.6143667,285.5509603
115.4,285.4189287,286.8154563,287.6734447,287.8897885,287.4889138,286.5868892,285.5349318
116.78,285.3936617,286.7714936,287.6211503,287.8395999,287.4482801,286.5592176,285.5187126
118.15,285.3691069,286.7286914,287.5700799,287.790374,287.4082094,286.5317672,285.5025505
119.53,285.3448878,286.6863992,287.5194674,287.7413851,287.3681238,286.5041512,285.4862212
120.9,285.3213389,286.6452054,287.4700266,287.6933366,287.3286105,286.4767827,285.4699729
122.28,285.2980999,286.6044851,287.4210164,287.6455203,287.2890986,286.4492743,285.453579
123.65,285.2754925,286.5648059,287.3731288,287.5986222,287.2501661,286.4220362,285.4372872
125.02,285.2533319,286.5258487,287.3259881,287.5522873,287.2115303,286.3948794,285.4209885
126.4,285.2314471,286.4873163,287.2792412,287.5061767,287.1729169,286.3676169,285.4045728
127.77,285.2101419,286.4497472,287.2335489,287.460952,287.1348894,286.3406531,285.3882867
129.15,285.1890923,286.4125739,287.1882281,287.4159465,287.0968962,286.3136035,285.3719006
130.52,285.1685911,286.3763168,287.1439201,287.3718057,287.059491,286.2868684,285.3556597
131.89,285.1484725,286.3406867,287.100279,287.3281952,287.0224001,286.2602593,285.3394524
133.27,285.1285825,286.3054134,287.056979,287.284796,286.9853587,286.2335905,285.3231675
134.64,285.1091986,286.2709921,287.0146336,287.2422307,286.9489055,286.2072554,285.3070475
136.02,285.0900274,286.2369044,286.9726108,287.1998715,286.9125103,286.180876,285.2908633
137.39,285.0713367,286.2036293,286.9315067,287.1583261,286.876702,286.1548405,285.274855
138.76,285.0529767,286.1709036,286.8910018,287.1172795,286.8412169,286.1289627,285.2589105
140.14,285.0348081,286.1384802,286.8507945,287.0764315,286.8058005,286.1030606,285.2429191
141.51,285.0170851,286.1068158,286.8114556,287.0363679,286.7709667,286.0775142,285.2271173
142.89,284.9995406,286.0754352,286.7723992,286.9964979,286.7362075,286.0519551,285.2112788
144.26,284.9824207,286.0447807,286.73418,286.9573934,286.702027,286.0267578,285.1956373
145.64,284.9654676,286.0143927,286.6962292,286.9184777,286.6679262,286.001558,285.1799684
147.01,284.9489195,285.9847002,286.6590861,286.8803089,286.6343992,285.9767244,285.1645025
148.38,284.9326453,285.9554701,286.6224637,286.8425977,286.6011975,285.9520768,285.1491293
149.76,284.9165221,285.9264833,286.5860903,286.8050682,286.5680817,285.9274402,285.1337406
151.13,284.9007771,285.8981497,286.5504835,286.7682587,286.5355312,285.9031742,285.1185622
152.51,284.8851738,285.8700455,286.5151139,286.7316264,286.50307,285.8789269,285.1033754
153.88,284.8699322,285.8425683,286.480485,286.6956966,286.4711677,285.8550516,285.0884025
155.25,284.8549322,285.8155037,286.4463301,286.660197,286.4395868,285.8313739,285.0735354
156.63,284.8400614,285.7886496,286.4123962,286.6248679,286.4080991,285.8077248,285.0586689
158,284.8255296,285.7623865,286.3791669,286.5902161,286.3771598,285.7844483,285.0440202
159.38,284.8111192,285.7363225,286.3461488,286.5557305,286.3463158,285.7612059,285.0293773
160.75,284.797034,285.7108271,286.3138126,286.5219058,286.3160126,285.7383356,285.0149539
162.12,284.7831638,285.6857024,286.2819097,286.4884856,286.286024,285.7156689,285.0006449
163.5,284.7694047,285.6607612,286.2502045,286.4552254,286.2561329,285.6930435,284.9863484
164.87,284.7559516,285.6363576,286.2191491,286.4226023,286.2267708,285.6707878,284.9722727
166.25,284.7426035,285.6121282,286.188283,286.3901352,286.1975072,285.6485772,284.9582133
167.62,284.7295496,285.5884172,286.1580467,286.3582898,286.1687643,285.6267341,284.9443749
169,284.7165949,285.5648717,286.1279918,286.3265966,286.1401206,285.6049396,284.9305562
170.37,284.7039232,285.5418264,286.0985475,286.2955101,286.1119892,285.5835096,284.9169582
171.75,284.6913455,285.5189385,286.0692773,286.264572,286.0839574,285.5621312,284.9033828
173.12,284.6790403,285.4965335,286.0405993,286.234226,286.0564294,285.541114,284.8900273
174.49,284.6669121,285.4744385,286.0122938,286.2042422,286.0291987,285.5203021,284.8767932
175.87,284.6548707,285.4524899,285.9841523,286.1744012,286.0020677,285.4995454,284.8635856
177.24,284.6430872,285.4310001,285.9565769,286.1451312,285.9754273,285.4791442,284.850596
178.62,284.6313862,285.4096499,285.9291593,286.1160004,285.9488864,285.4588002,284.8376349
179.99,284.619934,285.3887434,285.9022913,286.0874269,285.9228273,285.4388074,284.8248902
181.36,284.608642,285.3681197,285.8757674,286.059194,285.8970544,285.4190171,284.8122675
182.74,284.5974266,285.3476264,285.8493926,286.0310954,285.8713803,285.3992862,284.7996759
184.11,284.5864473,285.3275555,285.8235439,286.003534,285.8461747,285.3798998,284.7872978
185.49,284.5755408,285.3076094,285.7978389,285.9761036,285.8210672,285.3605739,284.7749521
186.86,284.5648626,285.2880724,285.772645,285.9491975,285.7964194,285.3415877,284.7628176
188.23,284.5543302,285.2687945,285.7477701,285.922612,285.7720459,285.3227993,284.750804
189.61,284.5438658,285.2496335,285.7230313,285.8961526,285.7477693,285.3040727,284.7388246
190.98,284.5336184,285.2308629,285.6987824,285.8701989,285.723939,285.2856781,284.7270527
192.36,284.5234359,285.2122043,285.6746649,285.8443682,285.7002047,285.2673459,284.7153158
193.73,284.5134635,285.1939242,285.6510239,285.8190311,285.6769078,285.2493405,284.7037835
195.1,284.5036245,285.1758825,285.6276791,285.7939956,285.6538731,285.231527,284.6923699
196.48,284.4938462,285.1579463,285.6044591,285.7690787,285.6309327,285.2137764,284.6809924
197.85,284.4842682,285.1403717,285.5816962,285.7446378,285.6084167,285.1963445,284.6698153
199.23,284.4747483,285.1228985,285.559054,285.7203126,285.5859938,285.1789755,284.6586747
200.6,284.4654225,285.1057763,285.5368565,285.696452,285.5639865,285.1619197,284.6477314
201.97,284.4562192,285.0888741,285.5149348,285.6728753,285.5422291,285.1450492,284.6369037
203.35,284.4470706,285.0720677,285.493128,285.6494101,285.520563,285.1282416,284.626113
204.72,284.4381072,285.0555972,285.4717483,285.626393,285.4992996,285.1117388,284.6155149
206.1,284.4291964,285.0392188,285.4504798,285.6034847,285.4781262,285.0952986,284.6049541
207.47,284.4204652,285.0231668,285.4296271,285.5810138,285.4573472,285.0791577,284.5945828
208.84,284.4118471,285.0073186,285.4090315,285.5588101,285.4368057,285.0631948,284.5843232
210.22,284.4032784,284.9915576,285.388542,285.5367113,285.4163521,285.047294,284.5741008
211.59,284.3948816,284.9761093,285.3684522,285.5150343,285.3962804,285.031684,284.5640631
212.97,284.3865324,284.9607452,285.3484651,285.4934597,285.376295,285.0161356,284.5540626
214.34,284.3783501,284.9456851,285.3288672,285.472297,285.3566834,285.0008724,284.5442434
215.72,284.3702137,284.9307063,285.3093691,285.451234,285.3371567,284.9856702,284.5344613
217.09,284.3622395,284.9160231,285.2902501,285.4305732,285.3179956,284.9707478,284.5248572
218.46,284.3543666,284.9015237,285.2713649,285.4101578,285.2990554,284.9559927,284.515359
219.84,284.3465371,284.8871015,285.252575,285.3898388,285.280198,284.9412976,284.5058975
221.21,284.3388629,284.872963,285.2341498,285.3699075,285.2616943,284.9268739,284.496609
222.59,284.3312307,284.8588993,285.2158172,285.3500702,285.2432718,284.9125095,284.4873571
223.96,284.3237495,284.8451116,285.1978398,285.3306114,285.2251954,284.8984109,284.4782748
225.34,284.3163087,284.8313962,285.1799524,285.3112443,285.2071986,284.8843709,284.4692287
226.71,284.3090149,284.8179494,285.1624113,285.2922468,285.1895402,284.8705912,284.460349
228.08,284.3018124,284.8046691,285.1450833,285.273475,285.1720867,284.8569682,284.4515689
229.46,284.2946482,284.7914576,285.1278414,285.2547916,285.1547106,284.8434024,284.4428243
230.83,284.2876251,284.7785042,285.1109328,285.2364646,285.1376617,284.830089,284.4342412
232.21,284.2806391,284.7656176,285.0941079,285.2182239,285.1206888,284.816832,284.4256933
233.58,284.2737902,284.7529824,285.0776079,285.2003313,285.1040357,284.803822,284.4173035
234.95,284.2670264,284.7405024,285.0613076,285.1826512,285.0875766,284.790961,284.4090087
236.33,284.2602979,284.7280862,285.0450876,285.1650542,285.0711911,284.778155,284.4007484
237.7,284.2537012,284.7159116,285.0291803,285.147793,285.0551148,284.7655882,284.3926414
239.07,284.2471859,284.703886,285.0134652,285.1307367,285.0392261,284.7531658,284.3846267
240.45,284.2407044,284.6919214,284.9978271,285.1137606,285.0234089,284.7407972,284.3766457
241.82,284.2343495,284.6801892,284.9824902,285.0971084,285.0078905,284.72866,284.3688133
243.2,284.2280272,284.668516,284.9672283,285.0805345,284.9924421,284.7165757,284.3610141
244.57,284.2218282,284.6570693,284.9522602,285.0642768,284.9772856,284.7047178,284.3533604
245.95,284.2156608,284.64568,284.937365,285.0480955,284.9621977,284.6929119,284.3457394
247.32,284.2096135,284.6345114,284.9227564,285.0322229,284.9473952,284.6813274,284.3382608
248.69,284.2036403,284.6234785,284.9083235,285.0165386,284.932766,284.669877,284.330868
250.07,284.1976973,284.6125007,284.8939606,285.0009282,284.9182032,284.6584771,284.3235071
251.44,284.1918698,284.6017351,284.8798738,284.9856154,284.9039161,284.6472914,284.316284
252.82,284.1860716,284.591023,284.8658552,284.9703746,284.889694,284.6361552,284.3090923
254.19,284.180386,284.5805179,284.8521059,284.9554245,284.8757412,284.6252286,284.3020354
255.56,284.1747696,284.57014,284.8385216,284.9406519,284.8619522,284.6144289,284.2950599
256.94,284.1691813,284.5598133,284.8250028,284.9259487,284.8482261,284.6036773,284.288115
258.31,284.1637013,284.5496859,284.8117436,284.9115258,284.8347601,284.5931282,284.2813005
259.69,284.1582486,284.5396083,284.7985482,284.8971708,284.8213557,284.5826263,284.2745159
261.06,284.1529013,284.529725,284.785606,284.8830895,284.8082054,284.5723224,284.2678589
262.44,284.1475806,284.5198902,284.772726,284.8690743,284.7951154,284.5620648,284.2612313
263.81,284.1423628,284.5102448,284.760093,284.8553265,284.7822736,284.5520006,284.2547284
265.18,284.1372081,284.5007157,284.7476112,284.8417417,284.7695829,284.542054,284.248301
266.56,284.1320789,284.4912331,284.7351893,284.8282208,284.7569505,284.5321521,284.2419022
267.93,284.1270487,284.481933,284.7230055,284.8149577,284.7445577,284.5224373,284.235624
269.31,284.1220432,284.4726782,284.71088,284.8017569,284.732222,284.5127664,284.2293738
270.68,284.1171342,284.4636014,284.6989868,284.7888079,284.7201204,284.5032783,284.2232414
272.06,284.1122494,284.4545686,284.6871505,284.7759196,284.7080746,284.4938332,284.2171365
273.43,284.1074586,284.4457095,284.6755409,284.7632771,284.6962574,284.4845667,284.2111468
274.8,284.1027256,284.4369568,284.6640699,284.7507846,284.6845795,284.4754087,284.205227
276.18,284.0980157,284.4282464,284.6526537,284.7383508,284.6729555,284.4662924,284.1993338
277.55,284.0933965,284.4197033,284.6414561,284.726154,284.6615523,284.4573487,284.1935519
278.93,284.0887997,284.4112015,284.6303118,284.7140145,284.6502017,284.4484457,284.1877962
280.3,284.0842914,284.4028629,284.6193808,284.7021065,284.6390668,284.4397112,284.1821492
281.67,284.0798373,284.3946242,284.6085802,284.6903398,284.6280633,284.4310793,284.1765684
283.05,284.0754048,284.3864252,284.597831,284.6786283,284.6171107,284.4224869,284.1710128
284.42,284.0710574,284.3783834,284.5872875,284.6671401,284.6063662,284.4140573,284.1655623
285.8,284.0667311,284.3703803,284.576794,284.6557058,284.5956715,284.4056662,284.1601366
287.17,284.0624879,284.3625307,284.5665013,284.6444896,284.5851801,284.3974343,284.1548135
288.54,284.0582956,284.3547749,284.5563312,284.6334064,284.5748125,284.3892991,284.1495529
289.92,284.0541236,284.3470564,284.5462094,284.6223752,284.564493,284.3812013,284.1443163
291.29,284.0500316,284.3394858,284.5362812,284.6115543,284.5543698,284.3732571,284.1391788
292.67,284.0459593,284.3319514,284.5264,284.6007843,284.5442935,284.3653494,284.1340649
294.04,284.0419651,284.3245613,284.5167077,284.5902196,284.5344089,284.3575917,284.1290478
295.42,284.0379901,284.3172065,284.5070614,284.5797044,284.5245702,284.3498697,284.1240537
296.79,284.0340914,284.3099926,284.4975994,284.5693897,284.5149186,284.3422944,284.1191542
298.16,284.0302393,284.3028649,284.48825,284.5591974,284.505381,284.3348082,284.1143124
299.54,284.0264056,284.2957711,284.478945,284.549053,284.4958878,284.3273566,284.1094928
300.91,284.0226455,284.2888131,284.4698177,284.5391019,284.4865753,284.3200465,284.1047645
302.29,284.0189033,284.2818883,284.4607336,284.5291975,284.477306,284.3127701,284.1000581
303.66,284.0152328,284.275096,284.451823,284.519482,284.4682131,284.305632,284.0954409
305.04,284.0115799,284.268336,284.4429546,284.509812,284.4591625,284.2985268,284.0908449
306.41,284.0079969,284.2617053,284.4342555,284.5003264,284.4502842,284.2915566,284.0863362
307.78,284.0044567,284.2551537,284.42566,284.4909534,284.4415109,284.2846687,284.0818806
309.16,284.0009335,284.2486333,284.417105,284.4816243,284.4327784,284.2778126,284.0774456
310.53,283.9974776,284.2422375,284.4087135,284.472473,284.4242122,284.2710869,284.0730948
311.9,283.994063,284.2359179,284.4004217,284.4634303,284.4157473,284.2644405,284.0687952
313.28,283.9906647,284.2296284,284.392169,284.45443,284.4073218,284.257825,284.0645155
314.65,283.9873313,284.2234591,284.384074,284.4456013,284.3990568,284.2513352,284.0603171
316.03,283.9840139,284.217319,284.3760171,284.4368141,284.3908302,284.2448755,284.0561381
317.4,283.9807599,284.2112963,284.3681141,284.4281943,284.3827603,284.2385387,284.0520385
318.78,283.9775213,284.2053021,284.3602483,284.419615,284.3747281,284.2322312,284.0479579
320.15,283.9743447,284.1994225,284.3525327,284.4111993,284.3668487,284.2260438,284.0439549
321.52,283.971206,284.1936129,284.3449088,284.4028834,284.3590627,284.2199294,284.0399991
322.9,283.9680821,284.1878308,284.3373208,284.3946065,284.351313,284.2138434,284.0360616
324.27,283.965018,284.1821591,284.3298776,284.3864873,284.3437108,284.2078733,284.032199
325.65,283.9619684,284.1765143,284.3224695,284.3784063,284.3361442,284.2019309,284.0283543
327.02,283.9589771,284.1709773,284.3152028,284.3704793,284.3287216,284.1961015,284.0245827
328.39,283.9560214,284.1655062,284.3080225,284.3626464,284.321387,284.1903411,284.0208556
329.77,283.9530797,284.1600609,284.3008759,284.3548502,284.3140865,284.1846074,284.0171459
331.14,283.9501943,284.1547196,284.2938657,284.3472026,284.3069252,284.1789829,284.0135067
332.52,283.9473225,284.1494036,284.2868886,284.3395909,284.2997973,284.1733846,284.0098844
333.89,283.9445055,284.1441891,284.2800446,284.3321243,284.2928051,284.1678928,284.006331
335.27,283.9417019,284.1389992,284.2732327,284.3246927,284.2858457,284.1624266,284.0027942
336.64,283.9389518,284.1339084,284.2665509,284.3174028,284.2790188,284.1570645,283.9993246
338.01,283.9362345,284.1288781,284.2599484,284.3101993,284.2722727,284.1517658,283.9958961
339.39,283.93353,284.1238715,284.253377,284.3030297,284.2655582,284.1464917,283.9924835
340.76,283.9308772,284.1189605,284.2469309,284.2959967,284.2589716,284.1413181,283.9891358
342.14,283.9282369,284.1140727,284.2405152,284.2889967,284.2524158,284.1361687,283.9858038
343.51,283.925647,284.1092782,284.2342219,284.2821302,284.2459849,284.1311172,283.9825351
344.89,283.9230693,284.1045063,284.2279581,284.2752958,284.2395841,284.1260893,283.9792817
346.26,283.9205408,284.0998255,284.2218139,284.2685918,284.2333052,284.1211572,283.9760902
347.63,283.9180425,284.0952003,284.2157426,284.2619672,284.2271007,284.1162834,283.9729365
349.01,283.9155559,284.0905968,284.2096998,284.2553738,284.2209252,284.1114324,283.9697974
350.38,283.9131167,284.0860813,284.2037723,284.248906,284.2148674,284.1066738,283.9667181
351.76,283.9106891,284.081587,284.1978727,284.2424685,284.208838,284.1019374,283.9636532
353.13,283.9083078,284.0771784,284.1920856,284.2361538,284.2029234,284.0972912,283.9606466
354.5,283.9059549,284.0728223,284.1863672,284.229914,284.1970789,284.0927,283.9576757
355.88,283.903613,284.0684866,284.1806757,284.2237034,284.1912617,284.0881302,283.9547185
357.25,283.9013158,284.0642337,284.1750927,284.2176113,284.1855554,284.0836475,283.9518177
358.63,283.8990294,284.0600008,284.1695359,284.2115477,284.1798758,284.0791857,283.9489304
360,283.8967867,284.0558486,284.1640852,284.2055997,284.1743044,284.0748089,283.9460981
361.38,283.8945545,284.051716,284.15866,284.1996795,284.1687591,284.0704526,283.9432791
362.75,283.8923649,284.0476622,284.1533383,284.1938723,284.1633195,284.0661792,283.9405137
364.12,283.8902013,284.0436566,284.1480798,284.1881339,284.1579443,284.0619565,283.937781
365.5,283.888048,284.0396698,284.142846,284.1824225,284.1525944,284.0577535,283.9350611
366.87,283.8859357,284.0357591,284.137712,284.1768199,284.1473463,284.0536306,283.9323931
368.25,283.8838333,284.0318667,284.1326021,284.1712436,284.1421228,284.0495269,283.9297375
369.62,283.8817711,284.0280486,284.1275896,284.1657735,284.1369989,284.0455015,283.9271324
370.99,283.8797333,284.0242759,284.1226366,284.1603684,284.1319357,284.0415237,283.9245583
372.37,283.8777052,284.0205208,284.1177069,284.1549886,284.1268962,284.0375645,283.9219961
373.74,283.8757157,284.0168374,284.1128712,284.1497114,284.1219528,284.0336808,283.9194828
375.12,283.8737356,284.0131713,284.1080582,284.1444589,284.1170325,284.0298152,283.9169812
376.49,283.8717933,284.0095752,284.103337,284.1393065,284.112206,284.0260233,283.9145272
377.87,283.8698601,284.0059959,284.0986379,284.1341784,284.1074021,284.0222491,283.9120848
379.24,283.8679638,284.0024849,284.0940284,284.1291479,284.1026897,284.0185468,283.9096888
380.61,283.8660899,283.9990156,284.0894737,284.1241771,284.0980332,284.0148884,283.9073213
381.99,283.8642249,283.9955626,284.0849403,284.1192297,284.0933985,284.0112472,283.9049648
383.36,283.8623955,283.9921754,284.0804934,284.1143765,284.0888522,284.0076753,283.9026533
384.74,283.8605747,283.9888041,284.0760673,284.1095462,284.0843271,284.0041201,283.9003525
386.11,283.8587886,283.9854972,284.0717256,284.1048078,284.0798883,284.0006327,283.8980956
387.48,283.8570237,283.9822295,284.0674355,284.1001257,284.0755021,283.9971866,283.8958654
388.86,283.8552671,283.9789771,284.0631654,284.0954656,284.0711365,283.9937566,283.8936456
390.23,283.853544,283.9757868,284.0589768,284.0908943,284.066854,283.990392,283.8914682
391.61,283.851829,283.9726114,284.0548079,284.0863444,284.0625917,283.9870432,283.8893009
392.98,283.8501467,283.9694966,284.0507184,284.0818812,284.0584105,283.9837581,283.8871749
394.36,283.8484723,283.9663964,284.0466481,284.077439,284.054249,283.9804885,283.8850589
395.73,283.8468299,283.9633554,284.0426555,284.0730815,284.0501668,283.9772811,283.8829832
397.1,283.8452069,283.9603504,284.0387102,284.0687756,284.0461329,283.9741118,283.8809321
398.48,283.8435916,283.9573595,284.0347834,284.06449,284.042118,283.9709573,283.8788906
399.85,283.842007,283.9544257,284.0309315,284.060286,284.0381796,283.9678629,283.876888
401.23,283.8404299,283.9515056,284.0270976,284.0561017,284.0342597,283.9647831,283.8748948
402.6,283.8388829,283.9486412,284.0233369,284.0519973,284.0304144,283.9617619,283.8729396
403.97,283.8373543,283.9458109,284.0196207,284.0479414,284.0266148,283.9587765,283.8710075
405.35,283.8358328,283.9429937,284.015922,284.0439047,284.022833,283.9558051,283.8690845
406.72,283.8343403,283.9402304,284.0122939,284.0399448,284.0191232,283.9528904,283.8671981
408.1,283.8328549,283.9374799,284.0086827,284.0360035,284.0154309,283.9499893,283.8653206
409.47,283.8313977,283.934782,284.0051404,284.0321374,284.0118089,283.9471435,283.8634789
410.84,283.8299579,283.932116,284.0016401,284.0283171,284.0082299,283.9443314,283.8616589
412.22,283.8285248,283.9294625,283.9981562,284.0245148,284.0046676,283.9415325,283.8598475
413.59,283.827119,283.9268597,283.9947388,284.0207849,284.0011733,283.9387869,283.8580707
414.97,283.8257199,283.924269,283.9913374,284.0170725,283.9976953,283.9360543,283.8563021
416.34,283.8243474,283.9217278,283.9880008,284.0134308,283.9942836,283.9333736,283.8545673
417.71,283.8229912,283.9192167,283.9847038,284.0098324,283.9909124,283.9307248,283.852853
419.09,283.8216414,283.9167174,283.9814223,284.0062508,283.9875569,283.9280884,283.8511467
420.46,283.8203173,283.9142657,283.9782033,284.0027375,283.9842655,283.9255022,283.849473
421.84,283.8189994,283.9118255,283.9749994,283.9992407,283.9809894,283.9229282,283.8478071
423.21,283.8177066,283.9094319,283.9718567,283.9958106,283.9777758,283.9204032,283.846173
424.58,283.8164292,283.9070666,283.9687511,283.9924211,283.9746003,283.9179082,283.8445582
425.96,283.8151578,283.9047125,283.9656602,283.9890475,283.9714397,283.9154248,283.842951
427.33,283.8139106,283.9024032,283.9626282,283.9857382,283.9683394,283.9129888,283.8413744
428.71,283.8126693,283.9001048,283.9596104,283.9824445,283.9652535,283.9105642,283.8398053
430.08,283.8114516,283.8978502,283.9566501,283.9792135,283.9622265,283.9081858,283.838266
431.45,283.8102484,283.8956223,283.953725,283.9760209,283.9592354,283.9058356,283.836745
432.83,283.8090509,283.8934049,283.9508136,283.9728432,283.9562583,283.9034964,283.8352311
434.2,283.8078761,283.8912298,283.9479576,283.9697261,283.953338,283.9012018,283.833746
435.58,283.8067069,283.8890649,283.9451151,283.9666236,283.9504313,283.898918,283.8322679
436.95,283.80556,283.8869412,283.9423268,283.9635803,283.9475801,283.8966777,283.830818
438.32,283.8044266,283.8848427,283.9395715,283.960573,283.9447627,283.8944639,283.8293853
439.7,283.8032986,283.8827541,283.9368292,283.9575799,283.9419584,283.8922606,283.8279593
441.07,283.8021921,283.8807053,283.9341391,283.9546438,283.9392077,283.8900992,283.8265605
442.45,283.8010908,283.8786661,283.9314617,283.9517215,283.9364698,283.887948,283.8251682
443.82,283.8000105,283.8766658,283.9288353,283.9488549,283.9337841,283.8858377,283.8238025
445.19,283.798943,283.8746892,283.92624,283.9460222,283.9311303,283.8837525,283.822453
446.57,283.7978805,283.8727219,283.9236569,283.9432029,283.9284889,283.8816771,283.8211097
447.94,283.7968383,283.8707921,283.9211231,283.9404373,283.9258978,283.8796412,283.8197921
449.32,283.7958009,283.8688713,283.9186011,283.9376847,283.9233189,283.8776149,283.8184807
450.69,283.7947834,283.8669872,283.9161273,283.9349845,283.9207892,283.8756272,283.8171943
452.06,283.7937779,283.8651254,283.9136827,283.9323164,283.9182895,283.873663,283.8159231
453.44,283.7927771,283.8632724,283.9112497,283.9296608,283.9158014,283.8717081,283.8146579
454.81,283.7917954,283.8614546,283.908863,283.9270558,283.9133608,283.8697904,283.8134168
456.19,283.7908183,283.8596454,283.9064875,283.924463,283.9109317,283.8678818,283.8121815
457.56,283.7898598,283.8578707,283.9041573,283.9219197,283.9085488,283.8660095,283.8109697
458.94,283.7889058,283.8561043,283.901838,283.9193883,283.9061772,283.864146,283.8097637
460.31,283.7879701,283.8543716,283.8995629,283.9169051,283.9038507,283.862318,283.8085806
461.68,283.7870454,283.8526594,283.8973148,283.9144514,283.9015518,283.8605116,283.8074115
463.06,283.786125,283.8509553,283.8950773,283.9120092,283.8992637,283.8587138,283.806248
464.43,283.7852222,283.8492836,283.8928824,283.9096135,283.8970193,283.8569502,283.8051066
465.81,283.7843236,283.8476198,283.8906978,283.9072291,283.8947853,283.8551949,283.8039705
467.18,283.7834422,283.8459878,283.8885549,283.9048901,283.8925939,283.853473,283.8028562
468.55,283.7825712,283.844375,283.8864373,283.9025789,283.8904285,283.8517716,283.801755
469.93,283.7817043,283.8427699,283.8843297,283.9002785,283.8882733,283.8500782,283.800659