Date,21/02/2020,Material,Brass
Time,TempOne,TempTwo,TempThree,TempFour,TempFive,TempSix,TempSeven,Atmospheric
0.0,326.09,306.96,296.65,290.96,287.71,286.15,285.09,283.34
1.373,326.09,307.03,296.71,291.02,287.78,286.21,285.09,283.34
2.748,326.09,307.15,296.77,291.02,287.78,286.15,285.09,283.28
4.121,326.03,307.28,296.84,291.02,287.78,286.15,285.09,283.34
5.495,325.9,307.28,296.96,291.09,287.78,286.21,285.15,283.28
6.868,325.84,307.4,297.02,291.09,287.78,286.21,285.15,283.34
8.242,325.78,307.46,297.02,291.15,287.84,286.21,285.15,283.34
9.616,325.59,307.53,297.09,291.21,287.84,286.28,285.15,283.34
10.989,325.53,307.59,297.15,291.27,287.84,286.28,285.15,283.28
12.363,325.4,307.71,297.27,291.27,287.9,286.28,285.15,283.28
13.737,325.34,307.71,297.34,291.27,287.9,286.28,285.15,283.28
15.11,325.21,307.78,297.34,291.34,287.9,286.28,285.15,283.34
16.485,325.09,307.84,297.4,291.4,287.96,286.28,285.15,283.28
17.858,324.96,307.9,297.52,291.4,287.96,286.28,285.15,283.28
19.232,324.78,307.9,297.59,291.46,288.03,286.34,285.21,283.28
20.605,324.71,307.9,297.59,291.52,287.96,286.34,285.15,283.28
21.979,324.53,307.96,297.65,291.59,287.96,286.28,285.15,283.28
23.353,324.46,308.03,297.71,291.59,288.03,286.34,285.15,283.34
24.727,324.21,308.03,297.77,291.59,288.03,286.28,285.15,283.28
26.1,324.03,308.03,297.84,291.65,288.09,286.34,285.15,283.34
27.474,323.9,308.03,297.84,291.65,288.09,286.34,285.21,283.34
28.848,323.71,308.03,297.9,291.77,288.09,286.34,285.15,283.34
30.222,323.53,308.03,297.9,291.77,288.09,286.34,285.21,283.28
31.596,323.34,308.03,297.96,291.84,288.15,286.34,285.21,283.28
32.969,323.15,308.03,298.02,291.84,288.09,286.34,285.21,283.34
34.343,322.96,308.03,298.09,291.84,288.21,286.4,285.21,283.34
35.716,322.71,307.96,298.09,291.9,288.21,286.4,285.21,283.34
37.091,322.59,307.96,298.09,291.96,288.21,286.4,285.21,283.28
38.464,322.28,307.96,298.15,291.96,288.21,286.4,285.21,283.28
39.838,322.09,307.96,298.15,292.02,288.21,286.4,285.21,283.34
41.211,321.78,307.9,298.21,292.02,288.21,286.46,285.21,283.28
42.585,321.53,307.84,298.21,292.09,288.21,286.46,285.21,283.34
43.959,321.28,307.84,298.27,292.09,288.28,286.4,285.28,283.34
45.333,321.03,307.78,298.27,292.09,288.28,286.46,285.21,283.34
46.707,320.78,307.78,298.27,292.15,288.34,286.46,285.21,283.34
48.08,320.53,307.65,298.27,292.15,288.34,286.46,285.28,283.34
49.454,320.28,307.65,298.34,292.15,288.34,286.46,285.28,283.34
50.828,320.09,307.53,298.34,292.27,288.4,286.46,285.28,283.34
52.202,319.9,307.59,298.34,292.27,288.4,286.53,285.34,283.34
53.576,319.65,307.53,298.4,292.27,288.4,286.46,285.28,283.34
54.949,319.34,307.4,298.34,292.27,288.46,286.53,285.28,283.34
56.323,319.15,307.28,298.34,292.34,288.46,286.53,285.28,283.34
57.698,318.9,307.28,298.4,292.34,288.46,286.53,285.28,283.34
59.071,318.59,307.15,298.4,292.4,288.46,286.53,285.28,283.34
60.445,318.34,307.15,298.34,292.4,288.46,286.59,285.34,283.34
61.818,318.15,307.09,298.34,292.4,288.4,286.53,285.28,283.34
63.192,317.96,307.03,298.4,292.4,288.4,286.53,285.28,283.34
64.567,317.78,306.96,298.4,292.4,288.4,286.59,285.34,283.34
65.94,317.59,306.9,298.4,292.46,288.46,286.59,285.34,283.34
67.314,317.4,306.78,298.4,292.52,288.46,286.59,285.34,283.4
68.688,317.15,306.71,298.4,292.52,288.46,286.65,285.4,283.34
70.061,317.03,306.65,298.4,292.46,288.53,286.59,285.4,283.34
71.436,316.71,306.65,298.4,292.52,288.53,286.65,285.34,283.34
72.809,316.53,306.53,298.4,292.59,288.53,286.71,285.4,283.34
74.183,316.34,306.46,298.4,292.59,288.53,286.65,285.4,283.4
75.557,316.09,306.4,298.4,292.65,288.53,286.71,285.4,283.4
76.93,315.9,306.34,298.34,292.65,288.59,286.71,285.4,283.34
78.305,315.71,306.28,298.34,292.65,288.65,286.71,285.4,283.34
79.678,315.53,306.15,298.4,292.65,288.59,286.71,285.4,283.34
81.052,315.28,306.09,298.34,292.65,288.65,286.78,285.46,283.34
82.425,315.09,306.03,298.34,292.65,288.65,286.71,285.4,283.34
83.799,314.9,305.96,298.34,292.65,288.71,286.78,285.46,283.34
85.174,314.71,305.9,298.34,292.71,288.65,286.78,285.46,283.34
86.547,314.46,305.78,298.34,292.71,288.71,286.78,285.4,283.34
87.921,314.34,305.65,298.27,292.71,288.71,286.78,285.46,283.34
89.295,314.15,305.59,298.27,292.71,288.71,286.78,285.4,283.34
90.669,313.96,305.53,298.27,292.77,288.78,286.84,285.46,283.4
92.044,313.78,305.46,298.27,292.77,288.78,286.84,285.46,283.34
93.418,313.53,305.34,298.21,292.77,288.78,286.78,285.46,283.4
94.792,313.34,305.28,298.21,292.77,288.78,286.84,285.46,283.4
96.166,313.15,305.21,298.21,292.84,288.78,286.84,285.46,283.4
97.54,312.96,305.09,298.21,292.84,288.78,286.84,285.53,283.34
98.915,312.71,304.96,298.15,292.84,288.9,286.84,285.53,283.34
100.289,312.59,304.96,298.15,292.77,288.9,286.84,285.46,283.34
101.663,312.34,304.84,298.09,292.84,288.84,286.9,285.53,283.34
103.037,312.21,304.77,298.09,292.84,288.9,286.84,285.53,283.28
104.411,312.03,304.71,298.09,292.84,288.9,286.96,285.53,283.4
105.786,311.78,304.65,298.09,292.9,288.9,286.96,285.53,283.4
107.16,311.65,304.52,298.09,292.84,288.9,286.96,285.59,283.4
108.534,311.46,304.46,297.96,292.84,288.96,286.96,285.53,283.34
109.908,311.28,304.4,297.96,292.84,288.96,286.96,285.59,283.4
111.282,311.09,304.27,297.96,292.84,288.9,287.03,285.59,283.34
112.657,310.9,304.15,297.9,292.9,288.96,286.96,285.59,283.34
114.031,310.71,304.15,297.84,292.84,289.03,287.03,285.59,283.34
115.404,310.59,304.02,297.84,292.84,289.03,286.96,285.59,283.34
116.778,310.4,303.96,297.84,292.9,288.96,287.03,285.59,283.34
118.152,310.21,303.9,297.84,292.84,288.96,287.03,285.59,283.34
119.527,310.03,303.77,297.77,292.84,289.03,286.96,285.59,283.34
120.901,309.84,303.71,297.77,292.84,289.03,287.03,285.59,283.34
122.275,309.71,303.59,297.71,292.77,289.03,287.03,285.65,283.28
123.649,309.53,303.52,297.65,292.84,289.03,287.03,285.59,283.28
125.024,309.28,303.4,297.65,292.77,289.09,287.09,285.59,283.34
126.398,309.03,303.27,297.59,292.84,289.09,287.09,285.65,283.28
127.772,308.84,303.15,297.52,292.77,289.03,287.03,285.59,283.28
129.146,308.59,303.09,297.52,292.84,289.03,287.03,285.59,283.28
130.52,308.4,302.96,297.46,292.77,289.09,287.03,285.65,283.28
131.895,308.28,302.9,297.4,292.77,289.03,287.03,285.65,283.28
133.269,308.09,302.77,297.34,292.71,289.03,287.09,285.65,283.34
134.643,307.96,302.71,297.34,292.77,289.09,287.03,285.65,283.34
136.017,307.71,302.52,297.34,292.77,289.03,287.03,285.65,283.34
137.391,307.53,302.52,297.27,292.71,289.03,287.09,285.65,283.34
138.766,307.4,302.4,297.15,292.71,289.03,287.03,285.65,283.28
140.14,307.21,302.27,297.15,292.71,289.03,287.09,285.65,283.34
141.514,307.03,302.15,297.09,292.71,289.09,287.09,285.65,283.34
142.887,306.84,302.09,297.09,292.71,289.09,287.09,285.71,283.28
144.261,306.65,301.96,297.02,292.71,289.03,287.09,285.65,283.28
145.636,306.53,301.9,297.02,292.65,289.09,287.09,285.71,283.28
147.01,306.4,301.84,296.96,292.65,289.09,287.09,285.71,283.28
148.384,306.15,301.71,296.9,292.65,289.09,287.03,285.65,283.28
149.758,306.03,301.65,296.77,292.59,289.09,287.09,285.71,283.28
151.132,305.9,301.52,296.77,292.59,289.09,287.09,285.71,283.28
152.507,305.71,301.46,296.77,292.59,289.09,287.09,285.71,283.28
153.881,305.59,301.4,296.71,292.59,289.09,287.15,285.71,283.34
155.255,305.46,301.27,296.65,292.52,289.03,287.09,285.78,283.28
156.629,305.28,301.21,296.59,292.52,289.09,287.09,285.78,283.28
158.003,305.09,301.09,296.59,292.52,289.09,287.09,285.78,283.28
159.378,304.96,301.02,296.59,292.52,289.09,287.15,285.71,283.28
160.752,304.84,300.96,296.52,292.52,289.09,287.09,285.71,283.21
162.126,304.71,300.84,296.46,292.52,289.09,287.15,285.78,283.28
163.5,304.59,300.77,296.4,292.52,289.09,287.15,285.78,283.28
164.875,304.46,300.71,296.34,292.46,289.09,287.15,285.78,283.28
166.249,304.34,300.59,296.34,292.4,289.09,287.15,285.78,283.34
167.623,304.21,300.52,296.34,292.4,289.09,287.15,285.78,283.28
168.997,304.09,300.4,296.27,292.4,289.09,287.15,285.78,283.28
170.371,303.96,300.34,296.27,292.4,289.09,287.15,285.78,283.28
171.746,303.84,300.27,296.15,292.4,289.09,287.15,285.78,283.28
173.12,303.71,300.15,296.09,292.4,289.09,287.15,285.78,283.28
174.494,303.59,300.09,296.09,292.4,289.09,287.15,285.78,283.28
175.868,303.46,300.02,296.09,292.34,289.09,287.15,285.78,283.28
177.242,303.27,299.96,296.02,292.27,289.09,287.15,285.78,283.21
178.617,303.21,299.84,296.02,292.34,289.09,287.15,285.78,283.28
179.991,303.09,299.77,295.96,292.27,289.09,287.21,285.78,283.28
181.365,302.96,299.71,295.9,292.27,289.09,287.15,285.78,283.21
182.739,302.84,299.59,295.84,292.27,289.09,287.21,285.78,283.34
184.113,302.65,299.52,295.84,292.21,289.03,287.15,285.78,283.28
185.488,302.52,299.4,295.71,292.21,289.09,287.15,285.78,283.21
186.861,302.46,299.34,295.71,292.15,289.09,287.15,285.78,283.28
188.235,302.34,299.27,295.65,292.15,289.03,287.21,285.78,283.28
189.609,302.21,299.15,295.59,292.15,289.09,287.21,285.84,283.28
190.983,302.09,299.09,295.52,292.09,289.03,287.15,285.78,283.28
192.358,301.96,298.96,295.46,292.09,289.03,287.15,285.78,283.28
193.732,301.84,298.96,295.46,292.09,289.03,287.15,285.78,283.28
195.106,301.71,298.84,295.4,292.09,288.96,287.15,285.78,283.28
196.48,301.59,298.77,295.4,292.02,289.03,287.15,285.84,283.28
197.854,301.46,298.65,295.34,291.96,288.96,287.15,285.78,283.21
199.229,301.4,298.59,295.27,291.96,288.96,287.15,285.78,283.28
200.602,301.27,298.52,295.21,291.96,289.03,287.15,285.78,283.21
201.976,301.15,298.46,295.15,291.96,288.96,287.15,285.78,283.28
203.35,301.02,298.34,295.09,291.9,288.96,287.15,285.84,283.28
204.725,300.9,298.34,295.09,291.9,288.96,287.15,285.84,283.28
206.099,300.84,298.21,295.02,291.84,289.03,287.15,285.78,283.28
207.473,300.71,298.15,295.02,291.84,288.96,287.15,285.78,283.21
208.847,300.65,298.09,295.02,291.84,288.9,287.15,285.78,283.21
210.221,300.52,298.02,294.9,291.77,288.9,287.15,285.78,283.28
211.596,300.46,297.9,294.84,291.84,288.9,287.21,285.78,283.28
212.97,300.34,297.84,294.84,291.77,288.9,287.15,285.84,283.28
214.343,300.27,297.77,294.77,291.71,288.96,287.15,285.78,283.21
215.717,300.15,297.71,294.71,291.71,288.9,287.15,285.84,283.21
217.091,300.09,297.65,294.71,291.71,288.9,287.15,285.84,283.28
218.466,299.96,297.59,294.65,291.71,288.9,287.15,285.84,283.21
219.84,299.9,297.46,294.65,291.65,288.9,287.15,285.78,283.21
221.214,299.84,297.46,294.59,291.65,288.9,287.09,285.78,283.28
222.588,299.71,297.4,294.59,291.59,288.9,287.15,285.84,283.28
223.962,299.59,297.27,294.52,291.59,288.9,287.15,285.78,283.28
225.337,299.52,297.15,294.46,291.52,288.9,287.15,285.84,283.28
226.711,299.34,297.09,294.4,291.59,288.9,287.15,285.78,283.28
228.085,299.27,297.02,294.34,291.52,288.84,287.15,285.78,283.21
229.459,299.21,296.96,294.34,291.46,288.9,287.15,285.78,283.21
230.833,299.09,296.9,294.34,291.46,288.84,287.09,285.78,283.28
232.208,299.02,296.84,294.27,291.46,288.84,287.15,285.78,283.21
233.582,298.9,296.77,294.15,291.4,288.84,287.15,285.78,283.28
234.956,298.84,296.65,294.15,291.4,288.84,287.09,285.78,283.21
236.329,298.77,296.65,294.15,291.4,288.78,287.15,285.84,283.21
237.703,298.65,296.52,294.09,291.4,288.84,287.15,285.84,283.28
239.078,298.59,296.46,294.09,291.34,288.78,287.15,285.78,283.21
240.452,298.46,296.4,293.96,291.34,288.78,287.09,285.78,283.21
241.826,298.4,296.34,293.96,291.27,288.78,287.15,285.78,283.21
243.2,298.34,296.21,293.9,291.27,288.84,287.15,285.78,283.21
244.574,298.21,296.15,293.9,291.27,288.78,287.09,285.78,283.21
245.949,298.15,296.09,293.84,291.21,288.78,287.09,285.84,283.21
247.323,298.09,296.09,293.77,291.21,288.78,287.15,285.78,283.21
248.697,297.96,296.02,293.77,291.21,288.78,287.15,285.84,283.21
250.071,297.9,295.9,293.71,291.15,288.71,287.21,285.84,283.21
251.446,297.84,295.9,293.71,291.15,288.71,287.09,285.78,283.21
252.82,297.77,295.84,293.65,291.09,288.71,287.15,285.84,283.28
254.194,297.71,295.71,293.59,291.09,288.71,287.15,285.84,283.21
255.567,297.65,295.71,293.52,291.09,288.78,287.15,285.9,283.21
256.941,297.52,295.65,293.46,291.09,288.71,287.09,285.84,283.21
258.316,297.46,295.65,293.46,291.02,288.65,287.15,285.84,283.21
259.69,297.34,295.59,293.46,290.96,288.65,287.09,285.84,283.21
261.064,297.27,295.52,293.4,290.96,288.65,287.09,285.9,283.21
262.438,297.15,295.4,293.34,290.9,288.65,287.09,285.84,283.21
263.812,297.02,295.34,293.27,290.96,288.65,287.09,285.84,283.21
265.187,296.96,295.34,293.27,290.9,288.59,287.09,285.84,283.21
266.561,296.9,295.21,293.21,290.84,288.59,287.09,285.84,283.21
267.935,296.77,295.15,293.15,290.84,288.59,287.09,285.84,283.21
269.309,296.71,295.09,293.15,290.84,288.59,287.03,285.84,283.21
270.683,296.65,295.02,293.09,290.77,288.53,287.09,285.84,283.21
272.057,296.52,294.96,293.02,290.77,288.59,287.03,285.9,283.21
273.431,296.46,294.9,293.02,290.77,288.53,287.03,285.84,283.21
274.805,296.34,294.9,292.96,290.71,288.53,287.03,285.84,283.15
276.179,296.27,294.84,292.9,290.65,288.53,287.03,285.78,283.28
277.553,296.21,294.71,292.84,290.65,288.53,287.03,285.84,283.21
278.928,296.15,294.65,292.84,290.65,288.53,287.03,285.84,283.21
280.302,296.02,294.65,292.84,290.59,288.46,287.03,285.84,283.28
281.676,295.96,294.52,292.71,290.65,288.53,287.03,285.84,283.21
283.05,295.9,294.46,292.71,290.52,288.46,287.03,285.9,283.21
284.424,295.84,294.4,292.65,290.52,288.46,287.03,285.84,283.21
285.799,295.77,294.4,292.59,290.52,288.4,286.96,285.84,283.21
287.173,295.65,294.27,292.59,290.46,288.4,287.03,285.9,283.21
288.547,295.65,294.27,292.52,290.46,288.46,287.03,285.84,283.21
289.921,295.59,294.21,292.52,290.46,288.46,287.03,285.84,283.21
291.294,295.46,294.15,292.46,290.46,288.46,286.96,285.84,283.21
292.669,295.4,294.09,292.4,290.4,288.4,287.03,285.84,283.21
294.043,295.34,294.02,292.34,290.4,288.4,287.03,285.84,283.21
295.417,295.27,293.96,292.34,290.34,288.46,287.03,285.84,283.28
296.791,295.21,293.9,292.27,290.34,288.46,286.96,285.9,283.21
298.166,295.09,293.84,292.27,290.34,288.46,286.96,285.9,283.28
299.54,295.02,293.77,292.21,290.27,288.46,286.96,285.84,283.21
300.914,294.96,293.77,292.15,290.27,288.46,286.96,285.9,283.21
302.288,294.84,293.65,292.15,290.21,288.4,286.96,285.9,283.21
303.662,294.77,293.59,292.15,290.21,288.4,286.96,285.9,283.21
305.037,294.71,293.52,292.09,290.21,288.4,287.03,285.84,283.21
306.411,294.71,293.52,292.02,290.15,288.34,286.96,285.84,283.21
307.785,294.59,293.46,292.02,290.15,288.34,287.03,285.84,283.15
309.159,294.52,293.34,291.96,290.09,288.34,287.03,285.84,283.15
310.533,294.46,293.4,291.9,290.09,288.4,286.96,285.84,283.15
311.908,294.4,293.27,291.84,290.09,288.34,286.96,285.9,283.21
313.281,294.34,293.21,291.84,290.09,288.34,286.96,285.84,283.15
314.655,294.27,293.15,291.77,290.02,288.34,286.96,285.9,283.21
316.029,294.21,293.15,291.71,290.02,288.34,286.96,285.84,283.21
317.403,294.15,293.09,291.71,289.96,288.34,286.9,285.9,283.21
318.778,294.09,293.09,291.71,289.96,288.28,286.96,285.9,283.15
320.152,294.02,293.02,291.65,289.96,288.28,286.96,285.84,283.15
321.526,293.96,292.96,291.59,289.9,288.28,286.96,285.9,283.21
322.9,293.9,292.9,291.59,289.84,288.28,286.96,285.9,283.15
324.274,293.84,292.84,291.59,289.84,288.28,286.96,285.9,283.15
325.648,293.77,292.71,291.46,289.84,288.21,286.96,285.9,283.21
327.022,293.71,292.71,291.46,289.84,288.21,286.9,285.84,283.15
328.396,293.65,292.65,291.4,289.77,288.21,286.9,285.9,283.15
329.77,293.59,292.65,291.4,289.84,288.21,286.9,285.84,283.15
331.144,293.52,292.59,291.34,289.77,288.21,286.9,285.9,283.15
332.519,293.46,292.52,291.27,289.71,288.15,286.9,285.84,283.15
333.893,293.34,292.46,291.27,289.71,288.15,286.9,285.84,283.21
335.267,293.27,292.46,291.21,289.71,288.15,286.9,285.84,283.15
336.641,293.27,292.4,291.21,289.65,288.15,286.9,285.84,283.15
338.016,293.21,292.34,291.15,289.59,288.15,286.9,285.84,283.15
339.389,293.09,292.27,291.09,289.59,288.09,286.9,285.84,283.15
340.763,293.02,292.21,291.09,289.59,288.15,286.84,285.84,283.15
342.137,293.02,292.15,291.09,289.59,288.09,286.84,285.84,283.15
343.511,292.96,292.09,291.02,289.52,288.09,286.84,285.84,283.15
344.886,292.9,292.09,291.02,289.46,288.09,286.9,285.78,283.15
346.26,292.84,291.96,290.96,289.52,288.09,286.84,285.84,283.21
347.634,292.84,291.96,290.96,289.46,288.09,286.84,285.84,283.15
349.008,292.71,291.9,290.9,289.46,288.03,286.9,285.84,283.15
350.382,292.65,291.9,290.9,289.4,288.03,286.84,285.78,283.15
351.757,292.65,291.84,290.84,289.34,288.03,286.84,285.78,283.15
353.13,292.59,291.84,290.71,289.4,287.96,286.78,285.78,283.15
354.504,292.52,291.71,290.71,289.4,288.03,286.84,285.84,283.15
355.878,292.46,291.65,290.71,289.34,287.96,286.78,285.78,283.15
357.252,292.46,291.65,290.71,289.27,287.96,286.78,285.78,283.15
358.627,292.4,291.65,290.65,289.27,287.96,286.78,285.78,283.15
360.001,292.34,291.52,290.59,289.27,287.96,286.78,285.78,283.09
361.375,292.34,291.52,290.59,289.27,287.96,286.84,285.78,283.15
362.749,292.27,291.52,290.59,289.21,287.9,286.78,285.78,283.15
364.123,292.15,291.4,290.52,289.21,287.9,286.78,285.78,283.15
365.498,292.15,291.4,290.46,289.21,287.9,286.78,285.78,283.15
366.871,292.09,291.34,290.46,289.21,287.84,286.78,285.78,283.15
368.245,292.02,291.34,290.4,289.15,287.9,286.78,285.78,283.15
369.619,292.02,291.27,290.4,289.15,287.84,286.78,285.78,283.15
370.993,291.96,291.27,290.34,289.15,287.84,286.78,285.78,283.15
372.368,291.96,291.15,290.34,289.09,287.84,286.78,285.78,283.15
373.742,291.9,291.15,290.34,289.09,287.78,286.71,285.78,283.15
375.116,291.84,291.15,290.27,289.03,287.84,286.71,285.78,283.09
376.489,291.77,291.09,290.21,289.03,287.78,286.78,285.78,283.15
377.863,291.71,291.02,290.21,288.96,287.78,286.71,285.78,283.15
379.238,291.71,291.02,290.21,288.96,287.84,286.71,285.78,283.15
380.612,291.65,290.96,290.15,288.96,287.78,286.71,285.84,283.15
381.986,291.65,290.96,290.15,288.96,287.71,286.71,285.78,283.09
383.36,291.59,290.9,290.15,288.96,287.78,286.71,285.78,283.21
384.733,291.59,290.84,290.02,288.9,287.71,286.71,285.71,283.15
386.108,291.52,290.77,290.02,288.9,287.71,286.71,285.71,283.15
387.482,291.46,290.77,290.02,288.84,287.65,286.71,285.71,283.09
388.856,291.4,290.77,290.02,288.84,287.65,286.65,285.78,283.15
390.23,291.4,290.71,289.9,288.84,287.71,286.65,285.71,283.15
391.603,291.34,290.65,289.9,288.84,287.71,286.65,285.71,283.09
392.978,291.27,290.65,289.9,288.78,287.65,286.65,285.71,283.09
394.352,291.27,290.59,289.84,288.78,287.59,286.65,285.71,283.15
395.725,291.21,290.59,289.84,288.78,287.59,286.65,285.71,283.15
397.099,291.21,290.52,289.77,288.71,287.65,286.65,285.71,283.15
398.474,291.15,290.52,289.77,288.71,287.59,286.59,285.71,283.15
399.848,291.09,290.46,289.71,288.71,287.59,286.59,285.71,283.15
401.221,291.09,290.4,289.71,288.71,287.59,286.59,285.71,283.15
402.595,291.09,290.4,289.65,288.65,287.53,286.65,285.71,283.09
403.969,291.02,290.27,289.65,288.65,287.53,286.59,285.65,283.15
405.344,290.96,290.27,289.65,288.59,287.59,286.59,285.71,283.15
406.717,290.96,290.27,289.65,288.53,287.53,286.53,285.65,283.15
408.091,290.9,290.21,289.71,288.59,287.53,286.59,285.71,283.09
409.464,290.84,290.15,289.65,288.46,287.46,286.59,285.65,283.15
410.838,290.84,290.15,289.65,288.53,287.46,286.53,285.65,283.09
412.213,290.77,290.09,289.59,288.53,287.46,286.59,285.59,283.15
413.586,290.71,290.09,289.59,288.46,287.4,286.53,285.65,283.09
414.96,290.71,290.02,289.59,288.46,287.46,286.53,285.65,283.15
416.334,290.65,290.02,289.52,288.46,287.4,286.53,285.59,283.09
417.708,290.65,289.96,289.52,288.46,287.4,286.59,285.59,283.15
419.082,290.59,289.9,289.46,288.4,287.34,286.53,285.59,283.15
420.456,290.52,289.9,289.46,288.34,287.4,286.46,285.59,283.09
421.83,290.52,289.9,289.46,288.34,287.34,286.46,285.59,283.15
423.203,290.46,289.84,289.46,288.34,287.34,286.46,285.53,283.15
424.577,290.46,289.84,289.4,288.28,287.4,286.46,285.53,283.09
425.952,290.4,289.77,289.34,288.28,287.4,286.46,285.53,283.09
427.326,290.4,289.71,289.34,288.21,287.34,286.46,285.53,283.09
428.699,290.4,289.71,289.34,288.28,287.28,286.46,285.53,283.15
430.073,290.34,289.71,289.27,288.21,287.28,286.46,285.53,283.09
431.447,290.34,289.59,289.21,288.21,287.28,286.4,285.53,283.15
432.821,290.27,289.65,289.21,288.15,287.28,286.4,285.53,283.15
434.195,290.21,289.52,289.21,288.15,287.21,286.4,285.46,283.15
435.568,290.21,289.52,289.15,288.15,287.21,286.4,285.46,283.15
436.942,290.15,289.52,289.15,288.09,287.21,286.4,285.53,283.15
438.316,290.15,289.52,289.09,288.09,287.21,286.4,285.53,283.15
439.69,290.09,289.46,289.09,288.09,287.21,286.34,285.46,283.09
441.064,290.02,289.4,289.03,288.09,287.21,286.4,285.46,283.15
442.438,289.96,289.34,289.03,288.03,287.21,286.4,285.46,283.15
443.812,289.96,289.27,289.03,288.03,287.15,286.34,285.46,283.21
445.186,289.9,289.27,289.03,288.03,287.15,286.34,285.4,283.15
446.561,289.9,289.27,288.96,288.09,287.15,286.34,285.46,283.09
447.934,289.9,289.21,288.96,288.09,287.15,286.34,285.4,283.09
449.308,289.84,289.21,288.9,288.09,287.09,286.34,285.46,283.21
450.682,289.84,289.15,288.9,288.09,287.15,286.34,285.46,283.15
452.056,289.84,289.15,288.84,288.03,287.09,286.34,285.4,283.15
453.431,289.84,289.09,288.84,287.96,287.09,286.34,285.4,283.09
454.804,289.84,289.09,288.84,288.03,287.03,286.34,285.46,283.15
456.178,289.77,289.03,288.84,287.96,287.03,286.34,285.4,283.15
457.552,289.77,289.03,288.78,287.96,287.03,286.28,285.4,283.15
458.926,289.71,288.96,288.71,287.9,287.03,286.34,285.4,283.15
460.301,289.71,288.96,288.71,287.9,287.03,286.28,285.4,283.21
461.675,289.65,288.9,288.65,287.84,286.96,286.21,285.4,283.15
463.049,289.65,288.9,288.65,287.84,286.96,286.21,285.4,283.15
464.423,289.52,288.84,288.59,287.84,286.96,286.21,285.34,283.15
465.796,289.46,288.84,288.59,287.84,286.96,286.21,285.4,283.15
467.171,289.46,288.84,288.53,287.84,286.9,286.21,285.4,283.15
468.545,289.46,288.78,288.53,287.78,286.96,286.15,285.34,283.15
469.919,289.4,288.78,288.53,287.84,286.9,286.15,285.34,283.21
471.293,289.34,288.71,288.46,287.78,286.84,286.15,285.34,283.15
472.667,289.27,288.71,288.46,287.71,286.84,286.09,285.4,283.15
474.042,289.27,288.65,288.4,287.65,286.84,286.15,285.34,283.15
475.415,289.21,288.59,288.4,287.65,286.78,286.09,285.34,283.15
476.789,289.15,288.59,288.4,287.65,286.78,286.03,285.34,283.21
478.163,289.15,288.53,288.34,287.59,286.78,286.09,285.34,283.21
479.537,289.15,288.53,288.34,287.59,286.78,286.03,285.28,283.21
480.912,289.09,288.46,288.28,287.59,286.78,286.03,285.28,283.15
482.286,289.03,288.4,288.28,287.59,286.71,286.03,285.21,283.15
483.66,288.96,288.4,288.28,287.53,286.78,286.03,285.21,283.21
485.033,288.9,288.4,288.28,287.46,286.71,286.03,285.21,283.15
486.407,288.96,288.34,288.21,287.46,286.71,285.96,285.15,283.15
487.782,288.9,288.28,288.15,287.46,286.65,286.03,285.21,283.15
489.155,288.84,288.28,288.15,287.4,286.65,285.96,285.21,283.15
490.529,288.84,288.28,288.09,287.4,286.65,285.96,285.15,283.15
491.903,288.84,288.21,288.09,287.4,286.65,285.96,285.21,283.15
493.277,288.78,288.15,288.09,287.34,286.59,285.9,285.15,283.15
494.651,288.71,288.15,288.09,287.4,286.65,285.9,285.15,283.15
496.025,288.71,288.15,288.03,287.34,286.59,285.9,285.15,283.21
497.399,288.65,288.09,287.96,287.34,286.59,285.9,285.15,283.15
498.773,288.65,288.09,287.96,287.28,286.59,285.84,285.15,283.15
500.146,288.59,288.03,287.9,287.28,286.59,285.84,285.09,283.15
501.521,288.59,288.09,287.96,287.28,286.59,285.9,285.09,283.15
502.895,288.59,288.03,287.9,287.21,286.53,285.84,285.09,283.15
504.269,288.53,288.03,287.9,287.28,286.46,285.84,285.09,283.15
505.642,288.53,288.09,287.84,287.21,286.46,285.84,285.09,283.15
507.016,288.46,288.03,287.78,287.15,286.46,285.84,285.09,283.15
508.391,288.46,288.03,287.78,287.21,286.46,285.78,285.09,283.15
509.765,288.46,288.03,287.78,287.15,286.46,285.84,285.03,283.21
511.139,288.4,287.96,287.78,287.09,286.4,285.78,285.09,283.15
512.512,288.4,287.9,287.71,287.15,286.46,285.78,285.03,283.15
513.886,288.4,287.84,287.71,287.09,286.4,285.78,285.03,283.15
515.261,288.34,287.84,287.71,287.09,286.34,285.78,285.09,283.15
516.635,288.34,287.84,287.71,287.09,286.4,285.78,285.09,283.21
518.009,288.28,287.84,287.71,287.03,286.34,285.78,285.03,283.15
519.383,288.21,287.84,287.71,287.09,286.34,285.78,285.09,283.21
520.757,288.21,287.78,287.59,287.03,286.34,285.78,285.03,283.21
522.131,288.21,287.71,287.59,287.03,286.34,285.78,285.03,283.21
523.505,288.15,287.71,287.59,287.03,286.28,285.78,285.09,283.15
524.879,288.15,287.71,287.53,286.96,286.34,285.78,285.09,283.21
526.253,288.15,287.65,287.53,286.96,286.28,285.78,285.03,283.21
527.627,288.09,287.65,287.53,286.96,286.34,285.71,285.03,283.15
529.001,288.09,287.65,287.53,286.96,286.28,285.71,285.03,283.21
530.375,288.03,287.65,287.46,286.9,286.28,285.78,285.03,283.15
531.749,288.03,287.65,287.46,286.96,286.28,285.71,285.03,283.21
533.123,287.96,287.59,287.46,286.9,286.28,285.71,285.03,283.15
534.497,287.96,287.59,287.4,286.9,286.28,285.65,285.03,283.15
535.871,287.96,287.59,287.4,286.9,286.21,285.71,285.03,283.21
537.245,287.96,287.53,287.4,286.84,286.21,285.71,285.03,283.15
538.619,287.9,287.53,287.34,286.9,286.21,285.65,285.03,283.15
539.993,287.9,287.46,287.34,286.84,286.21,285.65,285.03,283.15
541.368,287.9,287.46,287.34,286.84,286.21,285.65,285.03,283.15
542.741,287.84,287.46,287.34,286.84,286.15,285.65,285.03,283.15
544.115,287.78,287.4,287.28,286.84,286.15,285.65,284.96,283.15
545.489,287.84,287.4,287.28,286.84,286.15,285.65,285.03,283.28
546.863,287.78,287.34,287.28,286.78,286.15,285.65,284.96,283.21
548.238,287.78,287.34,287.28,286.78,286.15,285.59,285.03,283.21
549.611,287.71,287.34,287.21,286.71,286.15,285.65,284.96,283.21
550.985,287.71,287.28,287.21,286.71,286.09,285.59,284.96,283.21
552.359,287.71,287.28,287.15,286.78,286.09,285.59,284.96,283.21
553.733,287.65,287.28,287.21,286.71,286.15,285.59,284.96,283.21
555.108,287.59,287.21,287.21,286.71,286.03,285.65,284.96,283.21
556.481,287.59,287.21,287.09,286.65,286.09,285.59,284.96,283.21
557.855,287.59,287.15,287.09,286.65,286.09,285.59,284.96,283.21
